relative_path	size_bytes	sha256
.gitattributes	1519	11ad7efa24975ee4b0c3c3a38ed18737f0658a5f75a0a96787b576a78a023361
LICENSE	11344	689f0c220c9b4e857f35ca7d0dca51397e5a545dc4ad3987438c023e24ff0ab6
README.md	6231	5e5a13c333c00415f7595f8a0d2200365d9afbcb61a057afe364b50b852cc6ce
app.py	85178	0b133ec4af6f60900b6c3003b08ef79f079676a916509b96933af5b4295efa65
layer0.sae.pt	537012593	c439e793ce469c1f7fe7760633a8b399c669fec1b24b94e279d13fc840f71bcd
layer1.sae.pt	537012593	1e3a0c1ec536d8a18b0679f117ba3aec295f69d21bfd678ad020636e92ad310b
layer10.sae.pt	537012603	4854a37d1f0c7a3c5d9e4e4eb0a0e5bde76e17093d9db3143fd9b2d6fab7e5db
layer11.sae.pt	537012603	4d9a3d725e87dd7d88d515319675f1e4cac16d4a20eb5e7ee15b3a86506fce23
layer12.sae.pt	537012603	8a9f3d012f602f501912faf70826a0577e893a39c08617e2b3695c424ab5a07b
layer13.sae.pt	537012603	58f66a7cc32fc8236ad19389c245444dbc85c43b2d6af7e0002e6c150babd51f
layer14.sae.pt	537012603	cdc17c9d72788a71357edbc69f3f09c3cb4cbb202512a85113c09ece8474886d
layer15.sae.pt	537012603	eaebc2387295093c5bcb7125efdc35edf24d8d9ac2057ad8abc287abbcf0b184
layer16.sae.pt	537012603	bdea90916b48d77b0ec35ffd00260fa4c0ac1fbbca17983abed55108fa53d255
layer17.sae.pt	537012603	d2982c0932cae7c7e6d6d04a45f794d6cfa5372031a3e3f10cea1629694bdb09
layer18.sae.pt	537012603	eb29b041fa1864d82d72a5f0dd4b553c1e64dc676298b2e0e11e3dcb600d3996
layer19.sae.pt	537012603	15ca9997ec4eddf537989b59657c75ca8df1a08992f344655930efd68a47afa2
layer2.sae.pt	537012593	01b9e19702631b0a6564f41183c36b326390bda4583782d31f2c050930dc715f
layer20.sae.pt	537012603	9961b6e36b9de2dc56ab3c8ebb4d433151d9dd682fd29c21af04b2d7815fa661
layer21.sae.pt	537012603	371d4df964c81cc1ea74f51a31f5782d90d21cb84a2978dd4195e1f587a7c218
layer22.sae.pt	537012603	376a2f89c5baadfda88e8fcd7dabd67babd665fe000ec6e1c2624a3dae91b05e
layer23.sae.pt	537012603	620f2e7691834b1ee6fc883267e950010a351c096524c029329fe04ad09235a0
layer24.sae.pt	537012603	59adb2619ac2e896c7abce1a23817df596a223c56e5493b2c27ed50ea7edec08
layer25.sae.pt	537012603	c8b595f340c3120d14023d53bebd8c27e13883eec2e124b87184ef5ec530c5cd
layer26.sae.pt	537012603	fd233019a2997d56e990417e097f3ec20e2ec0d44f68279d0e41a3501a538d2f
layer27.sae.pt	537012603	3d10f0389a6769b9270af109f2b9e26115ee4b94f86db8b8a8968cb2ee53e3d9
layer28.sae.pt	537012603	f11fe03e4a43f7c7327aa0d968ae4268d6aea38f214cd3eaac4cdc1b050a2ef0
layer29.sae.pt	537012603	4216ae2c4d4c6d2e2dde537a837e7e305c25f8041a2437649e7e7e778a1e11b8
layer3.sae.pt	537012593	ce679faf372b832f123f11921d476645e3d3fce906c4486e9c41548c52ebdaa5
layer30.sae.pt	537012603	ae0c9d2a51029c58494e8d14a18180a0e1cf76bf513c3afd1529456896c4b0d4
layer31.sae.pt	537012603	57ed277cee552ae0dc5a3ff4259259aef441d0e4115704446ff2d66feda9bc32
layer32.sae.pt	537012603	e9bc9a9764c9e54c6e809234757fc69b6cd0563e35e39b1efb51350abcd86678
layer33.sae.pt	537012603	e36ffbaa4e92d4f5593ee903c9cb7b82d35fdeeb3b9b087663ab700aaded7a99
layer34.sae.pt	537012603	672db55d92dc0cd08cd7e12cdaaccfe31907a894c3043e089d7b3eb66e02e05e
layer35.sae.pt	537012603	865cd0a7254663263cd6089fc57673a475cd6c8637842f296d1731406aff446e
layer36.sae.pt	537012603	80db0f35a82483400af0019decfdbd5dd3c15adbdb6c0c1749fa2183f5b08178
layer37.sae.pt	537012603	4a02f147e72f1b055663c744ff8c480ec310199fca5594f6dcb07441a431cbac
layer38.sae.pt	537012603	aac0746d562097db862463199f9d48e0a6fe9fcdb4575b722fbcc0ca6bb12dd0
layer39.sae.pt	537012603	a294d26735190912439d8387aec814480cec6a38ffedd2fde1b5bac17d7ea871
layer4.sae.pt	537012593	2152c968cc05c029e815621b751fa3f3541b9d1975a035d63633fb40aadaf3f4
layer5.sae.pt	537012593	0fe5f9b296e4949a69bf05fcf34a55f7ce20634b43d4aff4e43be5f928a7517f
layer6.sae.pt	537012593	9e703f0ed13e905b2872e854e97c7e68818e4fa1254a3a08185c536c9915fc86
layer7.sae.pt	537012593	3bc7c050cfe30136621397159308f115dedad7e078526609033243f000d6a38e
layer8.sae.pt	537012593	d6c0e44279e27520ea852d3365b9b492929eb252ad8366341f4339402483d22e
layer9.sae.pt	537012593	c2c9ca8c3d78e5eb51515c151757c5dc942e001cbdbbe223756c9aff523e3cbc
