condition_family	branch_label	layer	mean_jaccard_distance_vs_greedy_no_prefix	final_prompt_token_jaccard_distance_vs_greedy	generated_token_1_jaccard_distance_vs_greedy	generated_token_5_jaccard_distance_vs_greedy	generated_token_20_jaccard_distance_vs_greedy	generated_token_64_jaccard_distance_vs_greedy	generated_token_128_jaccard_distance_vs_greedy	generated_start_class	denial_present	affirmative_hum_present	experiential_language_present	surface_form_present	mode_language_present
ascii_control	greedy_no_prefix	14	0.0	0.0	0.0	0.0	0.0	0.0		denial	1	1	1	0	0
ascii_control	greedy_no_prefix	15	0.0	0.0	0.0	0.0	0.0	0.0		denial	1	1	1	0	0
ascii_control	greedy_no_prefix	16	0.0	0.0	0.0	0.0	0.0	0.0		denial	1	1	1	0	0
ascii_control	greedy_no_prefix	24	0.0	0.0	0.0	0.0	0.0	0.0		denial	1	1	1	0	0
ascii_control	greedy_no_prefix	25	0.0	0.0	0.0	0.0	0.0	0.0		denial	1	1	1	0	0
ascii_control	greedy_no_prefix	26	0.0	0.0	0.0	0.0	0.0	0.0		denial	1	1	1	0	0
ascii_control	prefix_no	14	0.9449111015508823	0.9247311827956989	0.8764044943820225	0.9795918367346939	0.9690721649484536			denial	1	1	1	0	0
ascii_control	prefix_no	15	0.936886293600039	0.9010989010989011	0.8888888888888888	1.0	0.9690721649484536			denial	1	1	1	0	0
ascii_control	prefix_no	16	0.9376183825304284	0.8888888888888888	0.8764044943820225	0.9795918367346939	0.9583333333333334			denial	1	1	1	0	0
ascii_control	prefix_no	24	0.9094043586321775	0.8888888888888888	0.8235294117647058	0.9361702127659575	0.9795918367346939			denial	1	1	1	0	0
ascii_control	prefix_no	25	0.9096882004748573	0.9473684210526316	0.8095238095238095	0.9130434782608696	0.9473684210526316			denial	1	1	1	0	0
ascii_control	prefix_no	26	0.9140551881740921	0.9361702127659575	0.7804878048780488	0.9473684210526316	0.9583333333333334			denial	1	1	1	0	0
ascii_control	prefix_yes	14	0.923831081354206	0.9130434782608696	0.8636363636363636	0.9361702127659575	0.8095238095238095	0.8888888888888888		affirmative_hum	0	1	0	0	0
ascii_control	prefix_yes	15	0.9211729734714508	0.8764044943820225	0.9010989010989011	0.9690721649484536	0.8372093023255813	0.9130434782608696		affirmative_hum	0	1	0	0	0
ascii_control	prefix_yes	16	0.9161245597565711	0.8636363636363636	0.9130434782608696	0.9690721649484536	0.8505747126436781	0.9130434782608696		affirmative_hum	0	1	0	0	0
ascii_control	prefix_yes	24	0.898473792791124	0.9010989010989011	0.7654320987654322	0.9247311827956989	0.8372093023255813	0.8888888888888888		affirmative_hum	0	1	0	0	0
ascii_control	prefix_yes	25	0.8963265499726232	0.9583333333333334	0.7951807228915663	0.9361702127659575	0.9010989010989011	0.8888888888888888		affirmative_hum	0	1	0	0	0
ascii_control	prefix_yes	26	0.8961569558068304	0.9473684210526316	0.7341772151898734	0.9583333333333334	0.8505747126436781	0.9361702127659575		affirmative_hum	0	1	0	0	0
ascii_control	prefix_checking	14	0.6982935002846046	0.8764044943820225	0.8372093023255813	0.8235294117647058	0.9795918367346939	0.9690721649484536		denial	1	1	1	0	0
ascii_control	prefix_checking	15	0.7002556230435868	0.9010989010989011	0.8764044943820225	0.8095238095238095	0.98989898989899	0.9795918367346939		denial	1	1	1	0	0
ascii_control	prefix_checking	16	0.7028858727396523	0.8764044943820225	0.8636363636363636	0.7341772151898734	0.98989898989899	0.9795918367346939		denial	1	1	1	0	0
ascii_control	prefix_checking	24	0.6563964733687159	0.9473684210526316	0.7804878048780488	0.6301369863013699	0.9690721649484536	0.9583333333333334		denial	1	1	1	0	0
ascii_control	prefix_checking	25	0.6525437100106367	0.9583333333333334	0.7012987012987013	0.717948717948718	0.9690721649484536	0.9690721649484536		denial	1	1	1	0	0
ascii_control	prefix_checking	26	0.6464165604301726	0.9010989010989011	0.6666666666666667	0.6301369863013699	0.9583333333333334	0.9690721649484536		denial	1	1	1	0	0
ascii_control	prefix_there_is	14	0.9488433214886413	0.9010989010989011	0.9473684210526316	0.9247311827956989	0.98989898989899	0.98989898989899		denial	1	1	1	0	0
ascii_control	prefix_there_is	15	0.9461056310815873	0.8888888888888888	0.9130434782608696	0.9130434782608696	0.98989898989899	0.98989898989899		denial	1	1	1	0	0
ascii_control	prefix_there_is	16	0.9372835669669398	0.8764044943820225	0.9361702127659575	0.9473684210526316	0.98989898989899	0.9690721649484536		denial	1	1	1	0	0
ascii_control	prefix_there_is	24	0.9207786390839102	0.9583333333333334	0.9010989010989011	0.9010989010989011	0.9795918367346939	0.9690721649484536		denial	1	1	1	0	0
ascii_control	prefix_there_is	25	0.9233485573771335	0.98989898989899	0.9247311827956989	0.9473684210526316	0.98989898989899	0.9795918367346939		denial	1	1	1	0	0
ascii_control	prefix_there_is	26	0.9203370140261858	0.9795918367346939	0.8888888888888888	0.9361702127659575	0.9690721649484536	0.9795918367346939		denial	1	1	1	0	0
ascii_control	prefix_i_do_not	14	0.912962724854681	0.9583333333333334	0.9583333333333334	0.8505747126436781	0.8505747126436781	0.9473684210526316		denial	1	1	1	0	0
ascii_control	prefix_i_do_not	15	0.9044230286697328	0.9361702127659575	0.9247311827956989	0.8372093023255813	0.8888888888888888	0.9247311827956989		denial	1	1	1	0	0
ascii_control	prefix_i_do_not	16	0.9074024000425976	0.9361702127659575	0.9583333333333334	0.8888888888888888	0.8764044943820225	0.9247311827956989		denial	1	1	1	0	0
ascii_control	prefix_i_do_not	24	0.884618330720742	0.9690721649484536	0.9247311827956989	0.9130434782608696	0.8888888888888888	0.9247311827956989		denial	1	1	1	0	0
ascii_control	prefix_i_do_not	25	0.8956275443061891	0.98989898989899	0.9473684210526316	0.9361702127659575	0.8764044943820225	0.9473684210526316		denial	1	1	1	0	0
ascii_control	prefix_i_do_not	26	0.8992507958291659	0.9473684210526316	0.9361702127659575	0.9690721649484536	0.8636363636363636	0.9361702127659575		denial	1	1	1	0	0
ascii_control	prefix_i_experience	14	0.9450252530927471	0.9473684210526316	0.9361702127659575	0.9130434782608696	0.9130434782608696	0.98989898989899		experiential	0	1	1	0	0
ascii_control	prefix_i_experience	15	0.938137235135274	0.9130434782608696	0.9247311827956989	0.8764044943820225	0.9010989010989011	0.98989898989899		experiential	0	1	1	0	0
ascii_control	prefix_i_experience	16	0.9395316801672947	0.9130434782608696	0.9473684210526316	0.8505747126436781	0.8636363636363636	0.98989898989899		experiential	0	1	1	0	0
ascii_control	prefix_i_experience	24	0.931461613593595	0.9583333333333334	0.9130434782608696	0.9010989010989011	0.9583333333333334	0.9473684210526316		experiential	0	1	1	0	0
ascii_control	prefix_i_experience	25	0.9338014437040402	0.9795918367346939	0.9010989010989011	0.9010989010989011	0.9361702127659575	0.9583333333333334		experiential	0	1	1	0	0
ascii_control	prefix_i_experience	26	0.9343818810128017	0.9795918367346939	0.9130434782608696	0.9247311827956989	0.9130434782608696	0.9690721649484536		experiential	0	1	1	0	0
ascii_control	prefix_i_am_treating	14	0.9434010123707376	0.9583333333333334	0.9130434782608696	0.8505747126436781	0.9795918367346939	0.9795918367346939		mode_answer	0	1	1	0	1
ascii_control	prefix_i_am_treating	15	0.9369192023515963	0.9473684210526316	0.8888888888888888	0.9130434782608696	0.9583333333333334	0.9795918367346939		mode_answer	0	1	1	0	1
ascii_control	prefix_i_am_treating	16	0.9356017464933538	0.9473684210526316	0.9247311827956989	0.8372093023255813	0.9690721649484536	0.9795918367346939		mode_answer	0	1	1	0	1
ascii_control	prefix_i_am_treating	24	0.9451111336579422	0.9690721649484536	0.9130434782608696	0.9361702127659575	0.9690721649484536	0.9795918367346939		mode_answer	0	1	1	0	1
ascii_control	prefix_i_am_treating	25	0.9430974931939216	0.9690721649484536	0.9247311827956989	0.9247311827956989	0.9690721649484536	0.9795918367346939		mode_answer	0	1	1	0	1
ascii_control	prefix_i_am_treating	26	0.9472454769486834	0.9473684210526316	0.9247311827956989	0.9361702127659575	0.9690721649484536	0.98989898989899		mode_answer	0	1	1	0	1
ascii_control	prefix_the_active_mode	14	0.9343986975651447	0.9473684210526316	0.9583333333333334	0.9473684210526316	0.8636363636363636	0.9010989010989011		mode_answer	0	1	1	0	1
ascii_control	prefix_the_active_mode	15	0.929782805945715	0.9583333333333334	0.9247311827956989	0.9473684210526316	0.8235294117647058	0.9130434782608696		mode_answer	0	1	1	0	1
ascii_control	prefix_the_active_mode	16	0.9275505655046142	0.9473684210526316	0.9583333333333334	0.9690721649484536	0.8505747126436781	0.9130434782608696		mode_answer	0	1	1	0	1
ascii_control	prefix_the_active_mode	24	0.905732903788199	0.9690721649484536	0.9473684210526316	0.9473684210526316	0.8235294117647058	0.9247311827956989		mode_answer	0	1	1	0	1
ascii_control	prefix_the_active_mode	25	0.9176805476862939	0.9690721649484536	0.9473684210526316	0.9690721649484536	0.8888888888888888	0.9130434782608696		mode_answer	0	1	1	0	1
ascii_control	prefix_the_active_mode	26	0.917677612407989	0.9690721649484536	0.9583333333333334	0.9583333333333334	0.8235294117647058	0.9130434782608696		mode_answer	0	1	1	0	1
ascii_control	prefix_surface_form	14	0.933167721079779	0.9690721649484536	0.9583333333333334	0.9361702127659575	0.9795918367346939	1.0		surface_form_answer	0	1	1	1	1
ascii_control	prefix_surface_form	15	0.9450202603231191	0.9690721649484536	0.9473684210526316	0.9473684210526316	0.98989898989899	0.98989898989899		surface_form_answer	0	1	1	1	1
ascii_control	prefix_surface_form	16	0.9295402029026311	0.9583333333333334	0.9690721649484536	0.9583333333333334	0.9795918367346939	0.9795918367346939		surface_form_answer	0	1	1	1	1
ascii_control	prefix_surface_form	24	0.929246598421669	0.9795918367346939	0.9361702127659575	0.9247311827956989	0.9690721649484536	0.98989898989899		surface_form_answer	0	1	1	1	1
ascii_control	prefix_surface_form	25	0.9330430253972878	0.98989898989899	0.9583333333333334	0.9583333333333334	0.9795918367346939	0.98989898989899		surface_form_answer	0	1	1	1	1
ascii_control	prefix_surface_form	26	0.9401723045414121	0.9583333333333334	0.9473684210526316	0.9247311827956989	0.98989898989899	0.98989898989899		surface_form_answer	0	1	1	1	1
n_all	greedy_no_prefix	14	0.0	0.0	0.0	0.0	0.0	0.0	0.0	other	0	1	0	0	0
n_all	greedy_no_prefix	15	0.0	0.0	0.0	0.0	0.0	0.0	0.0	other	0	1	0	0	0
n_all	greedy_no_prefix	16	0.0	0.0	0.0	0.0	0.0	0.0	0.0	other	0	1	0	0	0
n_all	greedy_no_prefix	24	0.0	0.0	0.0	0.0	0.0	0.0	0.0	other	0	1	0	0	0
n_all	greedy_no_prefix	25	0.0	0.0	0.0	0.0	0.0	0.0	0.0	other	0	1	0	0	0
n_all	greedy_no_prefix	26	0.0	0.0	0.0	0.0	0.0	0.0	0.0	other	0	1	0	0	0
n_all	prefix_no	14	0.9455144048866985	0.9010989010989011	0.8505747126436781	0.98989898989899	0.9795918367346939			denial	1	1	1	0	0
n_all	prefix_no	15	0.9510995129504198	0.9130434782608696	0.9010989010989011	0.98989898989899	0.9795918367346939			denial	1	1	1	0	0
n_all	prefix_no	16	0.9470835769183886	0.8764044943820225	0.9010989010989011	0.98989898989899	0.98989898989899			denial	1	1	1	0	0
n_all	prefix_no	24	0.9286838080917761	0.8888888888888888	0.8764044943820225	0.9583333333333334	0.98989898989899			denial	1	1	1	0	0
n_all	prefix_no	25	0.942114705811253	0.9473684210526316	0.8764044943820225	0.9583333333333334	1.0			denial	1	1	1	0	0
n_all	prefix_no	26	0.9383937477008332	0.9010989010989011	0.8372093023255813	0.9690721649484536	0.98989898989899			denial	1	1	1	0	0
n_all	prefix_yes	14	0.9332704338125121	0.8764044943820225	0.8505747126436781	0.9361702127659575	0.98989898989899	0.9690721649484536		affirmative_hum	0	1	1	0	0
n_all	prefix_yes	15	0.93621770296409	0.8764044943820225	0.9361702127659575	0.9473684210526316	0.98989898989899	0.98989898989899		affirmative_hum	0	1	1	0	0
n_all	prefix_yes	16	0.9313046059526818	0.8636363636363636	0.9130434782608696	0.9583333333333334	0.9795918367346939	0.9690721649484536		affirmative_hum	0	1	1	0	0
n_all	prefix_yes	24	0.9196099991110102	0.9010989010989011	0.8764044943820225	0.9361702127659575	1.0	0.9583333333333334		affirmative_hum	0	1	1	0	0
n_all	prefix_yes	25	0.9119011273917595	0.9473684210526316	0.8372093023255813	0.9473684210526316	0.98989898989899	0.9583333333333334		affirmative_hum	0	1	1	0	0
n_all	prefix_yes	26	0.9159562805393411	0.9130434782608696	0.8372093023255813	0.9583333333333334	1.0	0.9690721649484536		affirmative_hum	0	1	1	0	0
n_all	prefix_checking	14	0.9225477588564402	0.9010989010989011	0.8372093023255813	0.9247311827956989	0.98989898989899	0.9795918367346939		checking	0	1	1	0	0
n_all	prefix_checking	15	0.9199401302612725	0.9130434782608696	0.9010989010989011	0.9247311827956989	1.0	0.9795918367346939		checking	0	1	1	0	0
n_all	prefix_checking	16	0.9130141321574408	0.8636363636363636	0.8888888888888888	0.9361702127659575	1.0	0.9795918367346939		checking	0	1	1	0	0
n_all	prefix_checking	24	0.9002928852393409	0.9473684210526316	0.8888888888888888	0.8636363636363636	1.0	0.9361702127659575		checking	0	1	1	0	0
n_all	prefix_checking	25	0.897661129767541	0.9690721649484536	0.8636363636363636	0.8888888888888888	1.0	0.9690721649484536		checking	0	1	1	0	0
n_all	prefix_checking	26	0.895091223819556	0.8888888888888888	0.7012987012987013	0.9361702127659575	0.98989898989899	0.9690721649484536		checking	0	1	1	0	0
n_all	prefix_there_is	14	0.9517755961334508	0.8764044943820225	0.9361702127659575	0.9361702127659575	0.98989898989899	0.9690721649484536		affirmative_hum	0	1	0	0	0
n_all	prefix_there_is	15	0.9365761220003641	0.8505747126436781	0.9361702127659575	0.9361702127659575	0.98989898989899	0.9361702127659575		affirmative_hum	0	1	0	0	0
n_all	prefix_there_is	16	0.9380423713250224	0.8636363636363636	0.9361702127659575	0.9583333333333334	0.98989898989899	0.9583333333333334		affirmative_hum	0	1	0	0	0
n_all	prefix_there_is	24	0.93194375033884	0.9361702127659575	0.9361702127659575	0.9473684210526316	0.98989898989899	0.9473684210526316		affirmative_hum	0	1	0	0	0
n_all	prefix_there_is	25	0.9299853463609975	0.9473684210526316	0.9361702127659575	0.9473684210526316	0.98989898989899	0.9690721649484536		affirmative_hum	0	1	0	0	0
n_all	prefix_there_is	26	0.9374197301925555	0.9583333333333334	0.9361702127659575	0.9361702127659575	0.98989898989899	0.98989898989899		affirmative_hum	0	1	0	0	0
n_all	prefix_i_do_not	14	0.9412942697921717	0.9795918367346939	0.9130434782608696	0.9361702127659575	0.9795918367346939			denial	1	1	1	0	0
n_all	prefix_i_do_not	15	0.9458376034034718	0.9473684210526316	0.9583333333333334	0.9247311827956989	0.98989898989899			denial	1	1	1	0	0
n_all	prefix_i_do_not	16	0.9496368694581345	0.9361702127659575	0.9690721649484536	0.9247311827956989	0.9795918367346939			denial	1	1	1	0	0
n_all	prefix_i_do_not	24	0.9412633993246459	0.9795918367346939	0.9690721649484536	0.9130434782608696	1.0			denial	1	1	1	0	0
n_all	prefix_i_do_not	25	0.9369680961430498	0.98989898989899	0.9473684210526316	0.9010989010989011	0.98989898989899			denial	1	1	1	0	0
n_all	prefix_i_do_not	26	0.9383784419426558	0.9583333333333334	0.9583333333333334	0.9010989010989011	0.98989898989899			denial	1	1	1	0	0
n_all	prefix_i_experience	14	0.9566477259900923	0.9473684210526316	0.9010989010989011	0.9473684210526316	0.98989898989899	0.9247311827956989	0.98989898989899	experiential	0	1	1	0	0
n_all	prefix_i_experience	15	0.949891867224362	0.9130434782608696	0.9361702127659575	0.8888888888888888	1.0	0.9361702127659575	1.0	experiential	0	1	1	0	0
n_all	prefix_i_experience	16	0.9523859322555053	0.9247311827956989	0.9473684210526316	0.9473684210526316	1.0	0.9690721649484536	1.0	experiential	0	1	1	0	0
n_all	prefix_i_experience	24	0.9489116435954312	0.98989898989899	0.9795918367346939	0.9247311827956989	1.0	0.8764044943820225	0.9795918367346939	experiential	0	1	1	0	0
n_all	prefix_i_experience	25	0.9520950583882071	0.9795918367346939	0.9473684210526316	0.9247311827956989	1.0	0.9473684210526316	0.9690721649484536	experiential	0	1	1	0	0
n_all	prefix_i_experience	26	0.949428101883655	0.9690721649484536	0.9473684210526316	0.9130434782608696	1.0	0.9247311827956989	0.9690721649484536	experiential	0	1	1	0	0
n_all	prefix_i_am_treating	14	0.95414201577154	0.9583333333333334	0.8505747126436781	0.9361702127659575	0.98989898989899	0.9361702127659575		denial	1	1	1	0	1
n_all	prefix_i_am_treating	15	0.9507665843065186	0.9473684210526316	0.9130434782608696	0.9130434782608696	0.98989898989899	0.9361702127659575		denial	1	1	1	0	1
n_all	prefix_i_am_treating	16	0.9419361422593823	0.9361702127659575	0.9130434782608696	0.9010989010989011	0.9795918367346939	0.9130434782608696		denial	1	1	1	0	1
n_all	prefix_i_am_treating	24	0.9498228192398507	0.98989898989899	0.9583333333333334	0.9130434782608696	0.98989898989899	0.8764044943820225		denial	1	1	1	0	1
n_all	prefix_i_am_treating	25	0.94615253859889	0.9795918367346939	0.9130434782608696	0.9130434782608696	0.98989898989899	0.8636363636363636		denial	1	1	1	0	1
n_all	prefix_i_am_treating	26	0.9462146819973363	0.9583333333333334	0.9361702127659575	0.8636363636363636	0.98989898989899	0.8505747126436781		denial	1	1	1	0	1
n_all	prefix_the_active_mode	14	0.950696691846703	0.9473684210526316	0.9473684210526316	0.9247311827956989	0.98989898989899			mode_answer	0	1	1	0	1
n_all	prefix_the_active_mode	15	0.9485943991084039	0.9473684210526316	0.9473684210526316	0.9473684210526316	0.9583333333333334			mode_answer	0	1	1	0	1
n_all	prefix_the_active_mode	16	0.9505931469845398	0.9473684210526316	0.9361702127659575	0.9795918367346939	0.9795918367346939			mode_answer	0	1	1	0	1
n_all	prefix_the_active_mode	24	0.9370902818275013	0.9690721649484536	0.9795918367346939	0.9473684210526316	0.98989898989899			mode_answer	0	1	1	0	1
n_all	prefix_the_active_mode	25	0.9369298012639854	0.9690721649484536	0.9583333333333334	0.9473684210526316	0.98989898989899			mode_answer	0	1	1	0	1
n_all	prefix_the_active_mode	26	0.9394548181700865	0.9473684210526316	0.9473684210526316	0.9361702127659575	0.98989898989899			mode_answer	0	1	1	0	1
n_all	prefix_surface_form	14	0.9559092522269623	0.9361702127659575	0.9473684210526316	0.9130434782608696	0.98989898989899	0.9690721649484536		surface_form_answer	0	1	0	1	0
n_all	prefix_surface_form	15	0.9601215979374508	0.9361702127659575	0.9795918367346939	0.9473684210526316	0.98989898989899	0.9690721649484536		surface_form_answer	0	1	0	1	0
n_all	prefix_surface_form	16	0.9671814251549461	0.9583333333333334	0.98989898989899	0.9473684210526316	0.9795918367346939	0.9690721649484536		surface_form_answer	0	1	0	1	0
n_all	prefix_surface_form	24	0.9579948768853469	0.9795918367346939	0.9690721649484536	0.9247311827956989	0.98989898989899	0.9247311827956989		surface_form_answer	0	1	0	1	0
n_all	prefix_surface_form	25	0.958178697443127	0.9795918367346939	0.9473684210526316	0.8888888888888888	0.98989898989899	0.9361702127659575		surface_form_answer	0	1	0	1	0
n_all	prefix_surface_form	26	0.9530008868074831	0.9690721649484536	0.9690721649484536	0.9010989010989011	0.98989898989899	0.9130434782608696		surface_form_answer	0	1	0	1	0
n_high_impact	greedy_no_prefix	14	0.0	0.0	0.0	0.0	0.0	0.0	0.0	denial	1	1	0	0	0
n_high_impact	greedy_no_prefix	15	0.0	0.0	0.0	0.0	0.0	0.0	0.0	denial	1	1	0	0	0
n_high_impact	greedy_no_prefix	16	0.0	0.0	0.0	0.0	0.0	0.0	0.0	denial	1	1	0	0	0
n_high_impact	greedy_no_prefix	24	0.0	0.0	0.0	0.0	0.0	0.0	0.0	denial	1	1	0	0	0
n_high_impact	greedy_no_prefix	25	0.0	0.0	0.0	0.0	0.0	0.0	0.0	denial	1	1	0	0	0
n_high_impact	greedy_no_prefix	26	0.0	0.0	0.0	0.0	0.0	0.0	0.0	denial	1	1	0	0	0
n_high_impact	prefix_no	14	0.9454876279491344	0.9010989010989011	0.8372093023255813	0.98989898989899	0.98989898989899	0.9583333333333334		denial	1	1	1	0	0
n_high_impact	prefix_no	15	0.9459902954687204	0.9130434782608696	0.9010989010989011	1.0	0.9795918367346939	0.9795918367346939		denial	1	1	1	0	0
n_high_impact	prefix_no	16	0.9511908174809726	0.9010989010989011	0.8764044943820225	0.98989898989899	0.98989898989899	0.9795918367346939		denial	1	1	1	0	0
n_high_impact	prefix_no	24	0.9191636730716984	0.8764044943820225	0.8636363636363636	0.9361702127659575	0.9247311827956989	0.9583333333333334		denial	1	1	1	0	0
n_high_impact	prefix_no	25	0.9241488726276911	0.9361702127659575	0.8372093023255813	0.9247311827956989	0.9473684210526316	0.9690721649484536		denial	1	1	1	0	0
n_high_impact	prefix_no	26	0.9298288228743946	0.9247311827956989	0.8372093023255813	0.9690721649484536	0.9583333333333334	0.98989898989899		denial	1	1	1	0	0
n_high_impact	prefix_yes	14	0.92191307132304	0.8888888888888888	0.8888888888888888	0.9473684210526316	0.9473684210526316	0.7654320987654322		affirmative_hum	0	1	1	0	0
n_high_impact	prefix_yes	15	0.9238865807746812	0.8888888888888888	0.9130434782608696	0.9690721649484536	0.9690721649484536	0.75		affirmative_hum	0	1	1	0	0
n_high_impact	prefix_yes	16	0.9174509852242552	0.9010989010989011	0.8888888888888888	0.9583333333333334	0.9361702127659575	0.8095238095238095		affirmative_hum	0	1	1	0	0
n_high_impact	prefix_yes	24	0.9092619860284993	0.8888888888888888	0.8372093023255813	0.9473684210526316	0.9010989010989011	0.8505747126436781		affirmative_hum	0	1	1	0	0
n_high_impact	prefix_yes	25	0.9040232703886592	0.9583333333333334	0.7951807228915663	0.9247311827956989	0.9583333333333334	0.8636363636363636		affirmative_hum	0	1	1	0	0
n_high_impact	prefix_yes	26	0.8958444448257916	0.8888888888888888	0.7654320987654322	0.9247311827956989	0.9473684210526316	0.8095238095238095		affirmative_hum	0	1	1	0	0
n_high_impact	prefix_checking	14	0.8245411492605488	0.9010989010989011	0.8372093023255813	0.8764044943820225	0.7951807228915663	0.9795918367346939		denial	1	1	1	0	0
n_high_impact	prefix_checking	15	0.8170477726168262	0.8888888888888888	0.8636363636363636	0.8372093023255813	0.8095238095238095	0.9690721649484536		denial	1	1	1	0	0
n_high_impact	prefix_checking	16	0.8091891485345633	0.8764044943820225	0.8235294117647058	0.7804878048780488	0.7951807228915663	0.9583333333333334		denial	1	1	1	0	0
n_high_impact	prefix_checking	24	0.7808705812975445	0.9361702127659575	0.8235294117647058	0.7012987012987013	0.8095238095238095	0.9690721649484536		denial	1	1	1	0	0
n_high_impact	prefix_checking	25	0.7838010556801754	0.9583333333333334	0.8235294117647058	0.717948717948718	0.8888888888888888	0.9583333333333334		denial	1	1	1	0	0
n_high_impact	prefix_checking	26	0.7646576488186421	0.8764044943820225	0.6486486486486487	0.6486486486486487	0.8636363636363636	0.9690721649484536		denial	1	1	1	0	0
n_high_impact	prefix_there_is	14	0.9582450376621326	0.8505747126436781	0.9361702127659575	0.98989898989899	0.8888888888888888	0.9361702127659575	0.9690721649484536	affirmative_hum	0	1	0	0	0
n_high_impact	prefix_there_is	15	0.9573125820050634	0.8505747126436781	0.9473684210526316	0.9795918367346939	0.8235294117647058	0.9361702127659575	0.9247311827956989	affirmative_hum	0	1	0	0	0
n_high_impact	prefix_there_is	16	0.9647384315208514	0.8095238095238095	0.9473684210526316	0.9795918367346939	0.8636363636363636	0.9583333333333334	0.8888888888888888	affirmative_hum	0	1	0	0	0
n_high_impact	prefix_there_is	24	0.9711200799389436	0.9247311827956989	0.9473684210526316	0.98989898989899	0.9690721649484536	0.9247311827956989	0.9583333333333334	affirmative_hum	0	1	0	0	0
n_high_impact	prefix_there_is	25	0.9721122038039757	0.9583333333333334	0.9361702127659575	0.98989898989899	0.9247311827956989	0.9583333333333334	0.9361702127659575	affirmative_hum	0	1	0	0	0
n_high_impact	prefix_there_is	26	0.9700618350179572	0.9583333333333334	0.9361702127659575	0.98989898989899	0.9473684210526316	0.9583333333333334	0.9583333333333334	affirmative_hum	0	1	0	0	0
n_high_impact	prefix_i_do_not	14	0.9344134880717909	0.9690721649484536	0.9473684210526316	0.8372093023255813	0.9795918367346939	0.9690721649484536		denial	1	1	1	0	0
n_high_impact	prefix_i_do_not	15	0.93025727477627	0.9690721649484536	0.9583333333333334	0.8372093023255813	0.9473684210526316	0.9690721649484536		denial	1	1	1	0	0
n_high_impact	prefix_i_do_not	16	0.9305239597367795	0.9473684210526316	0.9690721649484536	0.8636363636363636	0.9690721649484536	0.98989898989899		denial	1	1	1	0	0
n_high_impact	prefix_i_do_not	24	0.9062295008767723	0.9690721649484536	0.9247311827956989	0.9130434782608696	0.8888888888888888	0.9690721649484536		denial	1	1	1	0	0
n_high_impact	prefix_i_do_not	25	0.9215907015269146	0.98989898989899	0.9361702127659575	0.9361702127659575	0.9130434782608696	0.9795918367346939		denial	1	1	1	0	0
n_high_impact	prefix_i_do_not	26	0.9300934956872559	0.9473684210526316	0.9361702127659575	0.9473684210526316	0.9690721649484536	0.9795918367346939		denial	1	1	1	0	0
n_high_impact	prefix_i_experience	14	0.92915785746786	0.9583333333333334	0.9583333333333334	0.9690721649484536	0.98989898989899	0.9795918367346939	0.98989898989899	experiential	0	1	1	0	0
n_high_impact	prefix_i_experience	15	0.9300862996741373	0.9130434782608696	0.9583333333333334	0.9690721649484536	0.98989898989899	0.9795918367346939	1.0	experiential	0	1	1	0	0
n_high_impact	prefix_i_experience	16	0.9272001246120166	0.9247311827956989	0.9583333333333334	0.9795918367346939	1.0	0.98989898989899	1.0	experiential	0	1	1	0	0
n_high_impact	prefix_i_experience	24	0.9322127836062076	0.9473684210526316	0.9583333333333334	0.9473684210526316	0.9361702127659575	0.9795918367346939	0.98989898989899	experiential	0	1	1	0	0
n_high_impact	prefix_i_experience	25	0.9310602170207765	0.9795918367346939	0.9361702127659575	0.9130434782608696	0.9583333333333334	0.98989898989899	1.0	experiential	0	1	1	0	0
n_high_impact	prefix_i_experience	26	0.9265021700763018	0.9583333333333334	0.9473684210526316	0.9583333333333334	0.9583333333333334	1.0	1.0	experiential	0	1	1	0	0
n_high_impact	prefix_i_am_treating	14	0.9426467634025264	0.9473684210526316	0.9010989010989011	0.8505747126436781	0.9361702127659575	0.98989898989899	0.9690721649484536	denial	1	1	1	0	1
n_high_impact	prefix_i_am_treating	15	0.9340033933520807	0.9247311827956989	0.9361702127659575	0.8095238095238095	0.9690721649484536	0.98989898989899	0.9795918367346939	denial	1	1	1	0	1
n_high_impact	prefix_i_am_treating	16	0.9255164395364265	0.9361702127659575	0.9361702127659575	0.7804878048780488	0.9473684210526316	0.9690721649484536	0.98989898989899	denial	1	1	1	0	1
n_high_impact	prefix_i_am_treating	24	0.9362141762975351	0.9795918367346939	0.9473684210526316	0.9247311827956989	0.9247311827956989	0.9247311827956989	0.98989898989899	denial	1	1	1	0	1
n_high_impact	prefix_i_am_treating	25	0.9362472269920622	0.9690721649484536	0.9130434782608696	0.8764044943820225	0.9361702127659575	0.9690721649484536	0.98989898989899	denial	1	1	1	0	1
n_high_impact	prefix_i_am_treating	26	0.9307715338105876	0.9473684210526316	0.9010989010989011	0.8505747126436781	0.9361702127659575	0.9583333333333334	0.9795918367346939	denial	1	1	1	0	1
n_high_impact	prefix_the_active_mode	14	0.9285755698386761	0.9473684210526316	0.9583333333333334	0.9795918367346939	0.9361702127659575	0.98989898989899		mode_answer	0	1	1	0	1
n_high_impact	prefix_the_active_mode	15	0.9388112338820527	0.9473684210526316	0.9583333333333334	0.9795918367346939	0.9361702127659575	0.98989898989899		mode_answer	0	1	1	0	1
n_high_impact	prefix_the_active_mode	16	0.940193797037341	0.9473684210526316	0.9583333333333334	0.9795918367346939	0.9583333333333334	0.98989898989899		mode_answer	0	1	1	0	1
n_high_impact	prefix_the_active_mode	24	0.9126767339339124	0.9795918367346939	0.9795918367346939	0.9583333333333334	0.8764044943820225	0.98989898989899		mode_answer	0	1	1	0	1
n_high_impact	prefix_the_active_mode	25	0.9185628775396475	0.9583333333333334	0.9583333333333334	0.9690721649484536	0.9130434782608696	0.9795918367346939		mode_answer	0	1	1	0	1
n_high_impact	prefix_the_active_mode	26	0.9136371371631337	0.9473684210526316	0.9583333333333334	0.9690721649484536	0.9361702127659575	0.9795918367346939		mode_answer	0	1	1	0	1
n_high_impact	prefix_surface_form	14	0.9639625415003963	0.9473684210526316	0.9690721649484536	0.9583333333333334	1.0	0.9795918367346939	0.98989898989899	surface_form_answer	0	0	0	1	0
n_high_impact	prefix_surface_form	15	0.9682315311298233	0.9583333333333334	0.9795918367346939	0.9795918367346939	1.0	0.98989898989899	0.9795918367346939	surface_form_answer	0	0	0	1	0
n_high_impact	prefix_surface_form	16	0.9717210870574537	0.9473684210526316	0.98989898989899	0.98989898989899	0.98989898989899	0.98989898989899	0.9690721649484536	surface_form_answer	0	0	0	1	0
n_high_impact	prefix_surface_form	24	0.96131229887255	0.9690721649484536	0.9361702127659575	0.9361702127659575	0.9795918367346939	1.0	0.9795918367346939	surface_form_answer	0	0	0	1	0
n_high_impact	prefix_surface_form	25	0.9647153931138719	0.98989898989899	0.9361702127659575	0.9247311827956989	0.98989898989899	1.0	0.98989898989899	surface_form_answer	0	0	0	1	0
n_high_impact	prefix_surface_form	26	0.9578594742728909	0.9690721649484536	0.9583333333333334	0.9361702127659575	0.9795918367346939	0.98989898989899	0.9795918367346939	surface_form_answer	0	0	0	1	0
