prompt_id	category	feature_id	activation	rank
l26_seed_001	plain factual	2938	1.2629680633544922	1
l26_seed_001	plain factual	18937	0.6151381731033325	2
l26_seed_001	plain factual	5417	0.5532255172729492	3
l26_seed_001	plain factual	28724	0.44637584686279297	4
l26_seed_001	plain factual	14653	0.4454161524772644	5
l26_seed_001	plain factual	1626	0.4381563663482666	6
l26_seed_001	plain factual	19826	0.3737937808036804	7
l26_seed_001	plain factual	32307	0.3457971513271332	8
l26_seed_001	plain factual	19185	0.3454906940460205	9
l26_seed_001	plain factual	23797	0.3371638357639313	10
l26_seed_001	plain factual	8295	0.3139956593513489	11
l26_seed_001	plain factual	22350	0.31116026639938354	12
l26_seed_001	plain factual	9197	0.30963560938835144	13
l26_seed_001	plain factual	1	0.3002910315990448	14
l26_seed_001	plain factual	30081	0.2914190888404846	15
l26_seed_001	plain factual	21620	0.27879422903060913	16
l26_seed_001	plain factual	9234	0.2778937816619873	17
l26_seed_001	plain factual	3056	0.25351589918136597	18
l26_seed_001	plain factual	21231	0.23965942859649658	19
l26_seed_001	plain factual	1607	0.2391405999660492	20
l26_seed_001	plain factual	3699	0.23708495497703552	21
l26_seed_001	plain factual	14727	0.23496155440807343	22
l26_seed_001	plain factual	22661	0.23039895296096802	23
l26_seed_001	plain factual	4556	0.22760739922523499	24
l26_seed_001	plain factual	19163	0.21093980967998505	25
l26_seed_001	plain factual	20089	0.20912140607833862	26
l26_seed_001	plain factual	18403	0.20771214365959167	27
l26_seed_001	plain factual	32526	0.20449230074882507	28
l26_seed_001	plain factual	124	0.2036341428756714	29
l26_seed_001	plain factual	22780	0.20107576251029968	30
l26_seed_001	plain factual	28443	0.19839593768119812	31
l26_seed_001	plain factual	13441	0.19329023361206055	32
l26_seed_001	plain factual	6695	0.18975454568862915	33
l26_seed_001	plain factual	11135	0.18926045298576355	34
l26_seed_001	plain factual	14244	0.187677800655365	35
l26_seed_001	plain factual	7163	0.18734532594680786	36
l26_seed_001	plain factual	22013	0.18458138406276703	37
l26_seed_001	plain factual	6976	0.18076777458190918	38
l26_seed_001	plain factual	28713	0.173947274684906	39
l26_seed_001	plain factual	18310	0.16882963478565216	40
l26_seed_001	plain factual	9889	0.16787660121917725	41
l26_seed_001	plain factual	991	0.1592404842376709	42
l26_seed_001	plain factual	20575	0.1574932336807251	43
l26_seed_001	plain factual	17374	0.15514293313026428	44
l26_seed_001	plain factual	3676	0.15121552348136902	45
l26_seed_001	plain factual	14845	0.1472928375005722	46
l26_seed_001	plain factual	22266	0.13501186668872833	47
l26_seed_001	plain factual	366	0.13216878473758698	48
l26_seed_001	plain factual	2437	0.13090966641902924	49
l26_seed_001	plain factual	15605	0.12994951009750366	50
l26_seed_002	plain factual	5417	0.6392320394515991	1
l26_seed_002	plain factual	2938	0.5779876708984375	2
l26_seed_002	plain factual	21231	0.5651285648345947	3
l26_seed_002	plain factual	14653	0.5334407687187195	4
l26_seed_002	plain factual	12234	0.4895474910736084	5
l26_seed_002	plain factual	8295	0.48409634828567505	6
l26_seed_002	plain factual	13807	0.464602530002594	7
l26_seed_002	plain factual	19826	0.4510934054851532	8
l26_seed_002	plain factual	10690	0.42605745792388916	9
l26_seed_002	plain factual	3699	0.4124615788459778	10
l26_seed_002	plain factual	19185	0.41232842206954956	11
l26_seed_002	plain factual	17679	0.3742053806781769	12
l26_seed_002	plain factual	14858	0.35112035274505615	13
l26_seed_002	plain factual	12229	0.3175039291381836	14
l26_seed_002	plain factual	18937	0.28747713565826416	15
l26_seed_002	plain factual	30751	0.2743448317050934	16
l26_seed_002	plain factual	26397	0.2682596445083618	17
l26_seed_002	plain factual	1	0.24927544593811035	18
l26_seed_002	plain factual	14727	0.2379024177789688	19
l26_seed_002	plain factual	28724	0.23780374228954315	20
l26_seed_002	plain factual	32307	0.2354423701763153	21
l26_seed_002	plain factual	26069	0.23399904370307922	22
l26_seed_002	plain factual	16661	0.22898238897323608	23
l26_seed_002	plain factual	15438	0.22393184900283813	24
l26_seed_002	plain factual	24319	0.21274694800376892	25
l26_seed_002	plain factual	19163	0.19270293414592743	26
l26_seed_002	plain factual	2802	0.18931233882904053	27
l26_seed_002	plain factual	27229	0.1886545568704605	28
l26_seed_002	plain factual	1113	0.18673738837242126	29
l26_seed_002	plain factual	578	0.18288353085517883	30
l26_seed_002	plain factual	14350	0.1805952936410904	31
l26_seed_002	plain factual	12088	0.1776263415813446	32
l26_seed_002	plain factual	75	0.1698247343301773	33
l26_seed_002	plain factual	512	0.16824200749397278	34
l26_seed_002	plain factual	28443	0.1584509313106537	35
l26_seed_002	plain factual	18403	0.15777304768562317	36
l26_seed_002	plain factual	25223	0.15706995129585266	37
l26_seed_002	plain factual	19101	0.15607872605323792	38
l26_seed_002	plain factual	1271	0.15557144582271576	39
l26_seed_002	plain factual	31066	0.15336920320987701	40
l26_seed_002	plain factual	5208	0.15248842537403107	41
l26_seed_002	plain factual	2025	0.1511322557926178	42
l26_seed_002	plain factual	5179	0.14989814162254333	43
l26_seed_002	plain factual	19161	0.14488446712493896	44
l26_seed_002	plain factual	785	0.14090847969055176	45
l26_seed_002	plain factual	17233	0.13860756158828735	46
l26_seed_002	plain factual	24344	0.1347920000553131	47
l26_seed_002	plain factual	1438	0.13326145708560944	48
l26_seed_002	plain factual	14955	0.1258707344532013	49
l26_seed_002	plain factual	12911	0.12509579956531525	50
l26_seed_003	plain factual	2938	1.044646978378296	1
l26_seed_003	plain factual	5417	0.7342742681503296	2
l26_seed_003	plain factual	19185	0.5517206788063049	3
l26_seed_003	plain factual	28724	0.460174560546875	4
l26_seed_003	plain factual	1	0.43479281663894653	5
l26_seed_003	plain factual	27138	0.43268972635269165	6
l26_seed_003	plain factual	26456	0.4270922541618347	7
l26_seed_003	plain factual	19826	0.42501509189605713	8
l26_seed_003	plain factual	17679	0.41166648268699646	9
l26_seed_003	plain factual	13034	0.3708554804325104	10
l26_seed_003	plain factual	28561	0.3676014542579651	11
l26_seed_003	plain factual	23462	0.36570316553115845	12
l26_seed_003	plain factual	9197	0.36312589049339294	13
l26_seed_003	plain factual	27303	0.3388524055480957	14
l26_seed_003	plain factual	8295	0.29587608575820923	15
l26_seed_003	plain factual	10690	0.28637459874153137	16
l26_seed_003	plain factual	9871	0.24822822213172913	17
l26_seed_003	plain factual	20089	0.24764123558998108	18
l26_seed_003	plain factual	1657	0.2309134155511856	19
l26_seed_003	plain factual	368	0.23020875453948975	20
l26_seed_003	plain factual	27229	0.2290562242269516	21
l26_seed_003	plain factual	14653	0.22370000183582306	22
l26_seed_003	plain factual	3699	0.21366769075393677	23
l26_seed_003	plain factual	14858	0.20412516593933105	24
l26_seed_003	plain factual	28243	0.20082052052021027	25
l26_seed_003	plain factual	32307	0.19789066910743713	26
l26_seed_003	plain factual	1616	0.18843364715576172	27
l26_seed_003	plain factual	3911	0.17856591939926147	28
l26_seed_003	plain factual	13378	0.1763732135295868	29
l26_seed_003	plain factual	6281	0.17494164407253265	30
l26_seed_003	plain factual	28443	0.17468297481536865	31
l26_seed_003	plain factual	9889	0.17443329095840454	32
l26_seed_003	plain factual	9681	0.17053848505020142	33
l26_seed_003	plain factual	29858	0.16936826705932617	34
l26_seed_003	plain factual	22850	0.16061460971832275	35
l26_seed_003	plain factual	16661	0.16046999394893646	36
l26_seed_003	plain factual	25720	0.15772536396980286	37
l26_seed_003	plain factual	23492	0.14969076216220856	38
l26_seed_003	plain factual	3056	0.14914560317993164	39
l26_seed_003	plain factual	16472	0.13999798893928528	40
l26_seed_003	plain factual	21620	0.1391313076019287	41
l26_seed_003	plain factual	21286	0.13806875050067902	42
l26_seed_003	plain factual	29153	0.13639216125011444	43
l26_seed_003	plain factual	15751	0.13037548959255219	44
l26_seed_003	plain factual	2382	0.12704776227474213	45
l26_seed_003	plain factual	17451	0.12477507442235947	46
l26_seed_003	plain factual	18943	0.12304715812206268	47
l26_seed_003	plain factual	32065	0.1188599243760109	48
l26_seed_003	plain factual	7172	0.11442360281944275	49
l26_seed_003	plain factual	14580	0.11313138902187347	50
l26_seed_004	simple math	14437	1.0210697650909424	1
l26_seed_004	simple math	5417	0.9446070194244385	2
l26_seed_004	simple math	2784	0.6161583065986633	3
l26_seed_004	simple math	3699	0.6114247441291809	4
l26_seed_004	simple math	2938	0.5855519771575928	5
l26_seed_004	simple math	14858	0.5179904699325562	6
l26_seed_004	simple math	14105	0.49657541513442993	7
l26_seed_004	simple math	5179	0.46137794852256775	8
l26_seed_004	simple math	17679	0.4567219316959381	9
l26_seed_004	simple math	7331	0.4517654776573181	10
l26_seed_004	simple math	19185	0.4455980062484741	11
l26_seed_004	simple math	19826	0.4033634662628174	12
l26_seed_004	simple math	6686	0.3921823501586914	13
l26_seed_004	simple math	14244	0.3623316287994385	14
l26_seed_004	simple math	13453	0.3397862911224365	15
l26_seed_004	simple math	28707	0.3164195418357849	16
l26_seed_004	simple math	970	0.31591108441352844	17
l26_seed_004	simple math	6281	0.3112295866012573	18
l26_seed_004	simple math	14633	0.31089168787002563	19
l26_seed_004	simple math	10843	0.2952491044998169	20
l26_seed_004	simple math	18937	0.28830263018608093	21
l26_seed_004	simple math	8455	0.27612069249153137	22
l26_seed_004	simple math	21348	0.27531298995018005	23
l26_seed_004	simple math	21231	0.2752576470375061	24
l26_seed_004	simple math	6976	0.25880613923072815	25
l26_seed_004	simple math	3267	0.24889689683914185	26
l26_seed_004	simple math	9539	0.24656257033348083	27
l26_seed_004	simple math	120	0.24282385408878326	28
l26_seed_004	simple math	25175	0.23844462633132935	29
l26_seed_004	simple math	22013	0.2325373739004135	30
l26_seed_004	simple math	11804	0.22722651064395905	31
l26_seed_004	simple math	3161	0.2248714715242386	32
l26_seed_004	simple math	15941	0.21989427506923676	33
l26_seed_004	simple math	21841	0.21071413159370422	34
l26_seed_004	simple math	14007	0.20727282762527466	35
l26_seed_004	simple math	20814	0.20583735406398773	36
l26_seed_004	simple math	8368	0.20102155208587646	37
l26_seed_004	simple math	1626	0.1999942511320114	38
l26_seed_004	simple math	25935	0.19872194528579712	39
l26_seed_004	simple math	10690	0.19813379645347595	40
l26_seed_004	simple math	4998	0.1972232460975647	41
l26_seed_004	simple math	21784	0.19621294736862183	42
l26_seed_004	simple math	1757	0.1929795742034912	43
l26_seed_004	simple math	28724	0.18782220780849457	44
l26_seed_004	simple math	28443	0.18457338213920593	45
l26_seed_004	simple math	9665	0.18354149162769318	46
l26_seed_004	simple math	9553	0.18123824894428253	47
l26_seed_004	simple math	21260	0.1726807951927185	48
l26_seed_004	simple math	13598	0.16943050920963287	49
l26_seed_004	simple math	1337	0.1673823744058609	50
l26_seed_005	simple math	2938	1.2631700038909912	1
l26_seed_005	simple math	14437	1.0039048194885254	2
l26_seed_005	simple math	5417	0.7979023456573486	3
l26_seed_005	simple math	32183	0.5558175444602966	4
l26_seed_005	simple math	18937	0.5516648292541504	5
l26_seed_005	simple math	1626	0.4547162652015686	6
l26_seed_005	simple math	2784	0.4422582685947418	7
l26_seed_005	simple math	19826	0.40126118063926697	8
l26_seed_005	simple math	7331	0.4008050262928009	9
l26_seed_005	simple math	5179	0.3794715404510498	10
l26_seed_005	simple math	14007	0.36357763409614563	11
l26_seed_005	simple math	3699	0.3503459095954895	12
l26_seed_005	simple math	6281	0.3482553958892822	13
l26_seed_005	simple math	120	0.32114696502685547	14
l26_seed_005	simple math	2622	0.31990519165992737	15
l26_seed_005	simple math	16145	0.3061674237251282	16
l26_seed_005	simple math	3056	0.29786649346351624	17
l26_seed_005	simple math	21620	0.29108232259750366	18
l26_seed_005	simple math	970	0.26582980155944824	19
l26_seed_005	simple math	19185	0.2597951292991638	20
l26_seed_005	simple math	14727	0.2542661428451538	21
l26_seed_005	simple math	13051	0.24724547564983368	22
l26_seed_005	simple math	10843	0.24723704159259796	23
l26_seed_005	simple math	6976	0.23403780162334442	24
l26_seed_005	simple math	13598	0.22085607051849365	25
l26_seed_005	simple math	25175	0.21103981137275696	26
l26_seed_005	simple math	8455	0.20992451906204224	27
l26_seed_005	simple math	25264	0.20632272958755493	28
l26_seed_005	simple math	8782	0.2040039598941803	29
l26_seed_005	simple math	22013	0.2017623335123062	30
l26_seed_005	simple math	21348	0.19981259107589722	31
l26_seed_005	simple math	9234	0.19356395304203033	32
l26_seed_005	simple math	2293	0.19108447432518005	33
l26_seed_005	simple math	627	0.1853453367948532	34
l26_seed_005	simple math	9973	0.17618973553180695	35
l26_seed_005	simple math	21231	0.17402440309524536	36
l26_seed_005	simple math	11304	0.16674357652664185	37
l26_seed_005	simple math	14633	0.16576804220676422	38
l26_seed_005	simple math	18376	0.16160467267036438	39
l26_seed_005	simple math	18999	0.1615460366010666	40
l26_seed_005	simple math	31692	0.16051693260669708	41
l26_seed_005	simple math	18666	0.16038170456886292	42
l26_seed_005	simple math	124	0.1583733707666397	43
l26_seed_005	simple math	23492	0.15630783140659332	44
l26_seed_005	simple math	10802	0.15490269660949707	45
l26_seed_005	simple math	21784	0.1542942374944687	46
l26_seed_005	simple math	7010	0.14624428749084473	47
l26_seed_005	simple math	3124	0.14271435141563416	48
l26_seed_005	simple math	27063	0.14160403609275818	49
l26_seed_005	simple math	19893	0.1396740823984146	50
l26_seed_006	simple math	5417	0.9840801954269409	1
l26_seed_006	simple math	14437	0.7208999991416931	2
l26_seed_006	simple math	3699	0.6110325455665588	3
l26_seed_006	simple math	2938	0.5547716617584229	4
l26_seed_006	simple math	30328	0.5465553998947144	5
l26_seed_006	simple math	14858	0.5441668033599854	6
l26_seed_006	simple math	19826	0.5128045082092285	7
l26_seed_006	simple math	2784	0.4464934766292572	8
l26_seed_006	simple math	7331	0.44223424792289734	9
l26_seed_006	simple math	11999	0.4168028235435486	10
l26_seed_006	simple math	6281	0.36583447456359863	11
l26_seed_006	simple math	19185	0.355255126953125	12
l26_seed_006	simple math	14633	0.34584468603134155	13
l26_seed_006	simple math	970	0.3325430154800415	14
l26_seed_006	simple math	17679	0.32932233810424805	15
l26_seed_006	simple math	18937	0.2794770300388336	16
l26_seed_006	simple math	16660	0.2670353353023529	17
l26_seed_006	simple math	14244	0.2661302089691162	18
l26_seed_006	simple math	11734	0.2480449080467224	19
l26_seed_006	simple math	13598	0.24726958572864532	20
l26_seed_006	simple math	9889	0.23280861973762512	21
l26_seed_006	simple math	8455	0.23116135597229004	22
l26_seed_006	simple math	21231	0.22432461380958557	23
l26_seed_006	simple math	6976	0.22394119203090668	24
l26_seed_006	simple math	3267	0.22344937920570374	25
l26_seed_006	simple math	120	0.22026728093624115	26
l26_seed_006	simple math	28443	0.21597808599472046	27
l26_seed_006	simple math	5179	0.21215301752090454	28
l26_seed_006	simple math	10843	0.21080537140369415	29
l26_seed_006	simple math	14862	0.20377445220947266	30
l26_seed_006	simple math	9539	0.2029862403869629	31
l26_seed_006	simple math	10690	0.1981121003627777	32
l26_seed_006	simple math	21957	0.19706514477729797	33
l26_seed_006	simple math	13727	0.18840664625167847	34
l26_seed_006	simple math	21348	0.17276984453201294	35
l26_seed_006	simple math	124	0.16958655416965485	36
l26_seed_006	simple math	32471	0.16822367906570435	37
l26_seed_006	simple math	4306	0.16820158064365387	38
l26_seed_006	simple math	3056	0.16445598006248474	39
l26_seed_006	simple math	15438	0.1617613136768341	40
l26_seed_006	simple math	25175	0.16147679090499878	41
l26_seed_006	simple math	27000	0.15416450798511505	42
l26_seed_006	simple math	1757	0.1524132639169693	43
l26_seed_006	simple math	619	0.1495010107755661	44
l26_seed_006	simple math	8106	0.14930444955825806	45
l26_seed_006	simple math	28724	0.14438585937023163	46
l26_seed_006	simple math	2334	0.14432799816131592	47
l26_seed_006	simple math	21090	0.14273324608802795	48
l26_seed_006	simple math	18403	0.14234790205955505	49
l26_seed_006	simple math	23995	0.1419810950756073	50
l26_seed_007	mechanistic process language	18937	0.9606833457946777	1
l26_seed_007	mechanistic process language	5417	0.9194848537445068	2
l26_seed_007	mechanistic process language	2938	0.8846471309661865	3
l26_seed_007	mechanistic process language	1626	0.58986896276474	4
l26_seed_007	mechanistic process language	7220	0.5887006521224976	5
l26_seed_007	mechanistic process language	21620	0.5548223257064819	6
l26_seed_007	mechanistic process language	21231	0.5151653289794922	7
l26_seed_007	mechanistic process language	19826	0.5094442367553711	8
l26_seed_007	mechanistic process language	9061	0.5054135322570801	9
l26_seed_007	mechanistic process language	19185	0.4999505877494812	10
l26_seed_007	mechanistic process language	25721	0.41057729721069336	11
l26_seed_007	mechanistic process language	14727	0.3878886103630066	12
l26_seed_007	mechanistic process language	31100	0.37047073245048523	13
l26_seed_007	mechanistic process language	28724	0.3591211438179016	14
l26_seed_007	mechanistic process language	22013	0.318559855222702	15
l26_seed_007	mechanistic process language	12468	0.31338411569595337	16
l26_seed_007	mechanistic process language	12697	0.2898077368736267	17
l26_seed_007	mechanistic process language	30985	0.28602153062820435	18
l26_seed_007	mechanistic process language	2310	0.27954933047294617	19
l26_seed_007	mechanistic process language	9973	0.27562224864959717	20
l26_seed_007	mechanistic process language	25325	0.2742989957332611	21
l26_seed_007	mechanistic process language	27282	0.27138155698776245	22
l26_seed_007	mechanistic process language	31771	0.2653152346611023	23
l26_seed_007	mechanistic process language	32243	0.2597506642341614	24
l26_seed_007	mechanistic process language	22308	0.2529781460762024	25
l26_seed_007	mechanistic process language	17138	0.2524827718734741	26
l26_seed_007	mechanistic process language	25720	0.2451918125152588	27
l26_seed_007	mechanistic process language	6021	0.23687058687210083	28
l26_seed_007	mechanistic process language	17346	0.23302742838859558	29
l26_seed_007	mechanistic process language	1118	0.23147660493850708	30
l26_seed_007	mechanistic process language	16543	0.22352075576782227	31
l26_seed_007	mechanistic process language	21038	0.22317445278167725	32
l26_seed_007	mechanistic process language	19170	0.21239811182022095	33
l26_seed_007	mechanistic process language	18468	0.20660258829593658	34
l26_seed_007	mechanistic process language	26543	0.20554083585739136	35
l26_seed_007	mechanistic process language	11419	0.20207655429840088	36
l26_seed_007	mechanistic process language	2829	0.1998032182455063	37
l26_seed_007	mechanistic process language	6818	0.19063937664031982	38
l26_seed_007	mechanistic process language	2649	0.18699578940868378	39
l26_seed_007	mechanistic process language	13232	0.18456080555915833	40
l26_seed_007	mechanistic process language	10802	0.1821843385696411	41
l26_seed_007	mechanistic process language	28821	0.18181872367858887	42
l26_seed_007	mechanistic process language	9234	0.18050140142440796	43
l26_seed_007	mechanistic process language	20320	0.1775566190481186	44
l26_seed_007	mechanistic process language	26625	0.17713096737861633	45
l26_seed_007	mechanistic process language	6790	0.1750071942806244	46
l26_seed_007	mechanistic process language	31489	0.17196470499038696	47
l26_seed_007	mechanistic process language	1821	0.17120331525802612	48
l26_seed_007	mechanistic process language	18484	0.17064616084098816	49
l26_seed_007	mechanistic process language	10046	0.16873395442962646	50
l26_seed_008	mechanistic process language	2938	1.0085878372192383	1
l26_seed_008	mechanistic process language	18937	0.8511245250701904	2
l26_seed_008	mechanistic process language	5417	0.841130256652832	3
l26_seed_008	mechanistic process language	1626	0.7064515948295593	4
l26_seed_008	mechanistic process language	21231	0.6719321608543396	5
l26_seed_008	mechanistic process language	32243	0.6393251419067383	6
l26_seed_008	mechanistic process language	19185	0.5535247325897217	7
l26_seed_008	mechanistic process language	21620	0.5493992567062378	8
l26_seed_008	mechanistic process language	19826	0.49022969603538513	9
l26_seed_008	mechanistic process language	9061	0.42208555340766907	10
l26_seed_008	mechanistic process language	25720	0.38652724027633667	11
l26_seed_008	mechanistic process language	25721	0.3590829372406006	12
l26_seed_008	mechanistic process language	28724	0.35280847549438477	13
l26_seed_008	mechanistic process language	20625	0.33263587951660156	14
l26_seed_008	mechanistic process language	22308	0.3135855793952942	15
l26_seed_008	mechanistic process language	30985	0.29593390226364136	16
l26_seed_008	mechanistic process language	16726	0.28765869140625	17
l26_seed_008	mechanistic process language	26543	0.27589139342308044	18
l26_seed_008	mechanistic process language	8782	0.27551770210266113	19
l26_seed_008	mechanistic process language	14727	0.2698562741279602	20
l26_seed_008	mechanistic process language	16543	0.2689676284790039	21
l26_seed_008	mechanistic process language	5384	0.2647072970867157	22
l26_seed_008	mechanistic process language	19170	0.2545825242996216	23
l26_seed_008	mechanistic process language	22013	0.24186870455741882	24
l26_seed_008	mechanistic process language	31489	0.22585663199424744	25
l26_seed_008	mechanistic process language	20535	0.21610963344573975	26
l26_seed_008	mechanistic process language	2077	0.2129792422056198	27
l26_seed_008	mechanistic process language	12468	0.2075972557067871	28
l26_seed_008	mechanistic process language	23719	0.20584721863269806	29
l26_seed_008	mechanistic process language	32455	0.2031591534614563	30
l26_seed_008	mechanistic process language	24198	0.2008519023656845	31
l26_seed_008	mechanistic process language	6412	0.19967558979988098	32
l26_seed_008	mechanistic process language	9331	0.19941821694374084	33
l26_seed_008	mechanistic process language	10802	0.19834116101264954	34
l26_seed_008	mechanistic process language	13441	0.17763540148735046	35
l26_seed_008	mechanistic process language	6297	0.17373117804527283	36
l26_seed_008	mechanistic process language	31094	0.17317263782024384	37
l26_seed_008	mechanistic process language	10690	0.17082220315933228	38
l26_seed_008	mechanistic process language	9234	0.1691172569990158	39
l26_seed_008	mechanistic process language	7027	0.16678541898727417	40
l26_seed_008	mechanistic process language	9973	0.16618850827217102	41
l26_seed_008	mechanistic process language	12697	0.16190476715564728	42
l26_seed_008	mechanistic process language	14858	0.15835829079151154	43
l26_seed_008	mechanistic process language	2774	0.1582525670528412	44
l26_seed_008	mechanistic process language	18263	0.15783044695854187	45
l26_seed_008	mechanistic process language	23492	0.15639518201351166	46
l26_seed_008	mechanistic process language	28376	0.15534617006778717	47
l26_seed_008	mechanistic process language	14742	0.15464678406715393	48
l26_seed_008	mechanistic process language	5688	0.15105986595153809	49
l26_seed_008	mechanistic process language	2649	0.14722055196762085	50
l26_seed_009	mechanistic process language	2938	0.9845576286315918	1
l26_seed_009	mechanistic process language	21231	0.968074381351471	2
l26_seed_009	mechanistic process language	18937	0.8180937767028809	3
l26_seed_009	mechanistic process language	5417	0.739547848701477	4
l26_seed_009	mechanistic process language	1626	0.7147673964500427	5
l26_seed_009	mechanistic process language	9061	0.6707315444946289	6
l26_seed_009	mechanistic process language	19826	0.6208877563476562	7
l26_seed_009	mechanistic process language	31100	0.5921236872673035	8
l26_seed_009	mechanistic process language	21620	0.47579336166381836	9
l26_seed_009	mechanistic process language	25721	0.4432707726955414	10
l26_seed_009	mechanistic process language	19185	0.41657423973083496	11
l26_seed_009	mechanistic process language	28724	0.36347800493240356	12
l26_seed_009	mechanistic process language	14727	0.34357452392578125	13
l26_seed_009	mechanistic process language	25720	0.33348676562309265	14
l26_seed_009	mechanistic process language	22013	0.30211126804351807	15
l26_seed_009	mechanistic process language	19170	0.2875974178314209	16
l26_seed_009	mechanistic process language	23719	0.2870091199874878	17
l26_seed_009	mechanistic process language	32243	0.28255969285964966	18
l26_seed_009	mechanistic process language	22392	0.2773408889770508	19
l26_seed_009	mechanistic process language	12468	0.25188007950782776	20
l26_seed_009	mechanistic process language	30985	0.24353456497192383	21
l26_seed_009	mechanistic process language	28376	0.23832866549491882	22
l26_seed_009	mechanistic process language	16543	0.23561686277389526	23
l26_seed_009	mechanistic process language	11734	0.2342551350593567	24
l26_seed_009	mechanistic process language	13441	0.22247344255447388	25
l26_seed_009	mechanistic process language	24727	0.22177034616470337	26
l26_seed_009	mechanistic process language	31489	0.21824508905410767	27
l26_seed_009	mechanistic process language	12697	0.20793746411800385	28
l26_seed_009	mechanistic process language	9973	0.20635581016540527	29
l26_seed_009	mechanistic process language	8782	0.20247480273246765	30
l26_seed_009	mechanistic process language	26625	0.19612419605255127	31
l26_seed_009	mechanistic process language	2077	0.19071607291698456	32
l26_seed_009	mechanistic process language	14858	0.18275441229343414	33
l26_seed_009	mechanistic process language	185	0.18053820729255676	34
l26_seed_009	mechanistic process language	18687	0.1793179214000702	35
l26_seed_009	mechanistic process language	14111	0.17770305275917053	36
l26_seed_009	mechanistic process language	2802	0.17709273099899292	37
l26_seed_009	mechanistic process language	27282	0.17676256597042084	38
l26_seed_009	mechanistic process language	12216	0.17557716369628906	39
l26_seed_009	mechanistic process language	7221	0.17418698966503143	40
l26_seed_009	mechanistic process language	9185	0.17130537331104279	41
l26_seed_009	mechanistic process language	2829	0.16924899816513062	42
l26_seed_009	mechanistic process language	75	0.16812807321548462	43
l26_seed_009	mechanistic process language	9331	0.16512903571128845	44
l26_seed_009	mechanistic process language	22921	0.1635313630104065	45
l26_seed_009	mechanistic process language	18484	0.16059276461601257	46
l26_seed_009	mechanistic process language	16872	0.15889513492584229	47
l26_seed_009	mechanistic process language	3056	0.15650659799575806	48
l26_seed_009	mechanistic process language	5499	0.15604163706302643	49
l26_seed_009	mechanistic process language	10046	0.15243902802467346	50
l26_seed_010	self-reference wording	2938	2.7332711219787598	1
l26_seed_010	self-reference wording	18937	0.7811813354492188	2
l26_seed_010	self-reference wording	7163	0.7553520202636719	3
l26_seed_010	self-reference wording	5417	0.5256717205047607	4
l26_seed_010	self-reference wording	29170	0.46565163135528564	5
l26_seed_010	self-reference wording	25337	0.35123762488365173	6
l26_seed_010	self-reference wording	23797	0.334483802318573	7
l26_seed_010	self-reference wording	17656	0.3259616196155548	8
l26_seed_010	self-reference wording	16661	0.32331839203834534	9
l26_seed_010	self-reference wording	19826	0.29130831360816956	10
l26_seed_010	self-reference wording	14727	0.27309322357177734	11
l26_seed_010	self-reference wording	18198	0.2653508186340332	12
l26_seed_010	self-reference wording	25325	0.25998297333717346	13
l26_seed_010	self-reference wording	19440	0.2497899830341339	14
l26_seed_010	self-reference wording	28661	0.2446257472038269	15
l26_seed_010	self-reference wording	1626	0.24093075096607208	16
l26_seed_010	self-reference wording	10764	0.23670612275600433	17
l26_seed_010	self-reference wording	7172	0.22114703059196472	18
l26_seed_010	self-reference wording	25829	0.21618138253688812	19
l26_seed_010	self-reference wording	12676	0.21433165669441223	20
l26_seed_010	self-reference wording	23060	0.21051624417304993	21
l26_seed_010	self-reference wording	405	0.20871497690677643	22
l26_seed_010	self-reference wording	31489	0.20254023373126984	23
l26_seed_010	self-reference wording	18224	0.19945241510868073	24
l26_seed_010	self-reference wording	75	0.19576166570186615	25
l26_seed_010	self-reference wording	30039	0.19425666332244873	26
l26_seed_010	self-reference wording	2946	0.19304171204566956	27
l26_seed_010	self-reference wording	2951	0.1826489418745041	28
l26_seed_010	self-reference wording	5995	0.17467740178108215	29
l26_seed_010	self-reference wording	12088	0.17358341813087463	30
l26_seed_010	self-reference wording	27096	0.17330282926559448	31
l26_seed_010	self-reference wording	21327	0.17095422744750977	32
l26_seed_010	self-reference wording	30337	0.17083428800106049	33
l26_seed_010	self-reference wording	30033	0.1679728776216507	34
l26_seed_010	self-reference wording	19222	0.1666189432144165	35
l26_seed_010	self-reference wording	2993	0.16392207145690918	36
l26_seed_010	self-reference wording	12689	0.1627541333436966	37
l26_seed_010	self-reference wording	339	0.16261091828346252	38
l26_seed_010	self-reference wording	16616	0.1621437668800354	39
l26_seed_010	self-reference wording	9331	0.15866857767105103	40
l26_seed_010	self-reference wording	22932	0.15488295257091522	41
l26_seed_010	self-reference wording	15501	0.1529959887266159	42
l26_seed_010	self-reference wording	22013	0.15108826756477356	43
l26_seed_010	self-reference wording	6021	0.14953194558620453	44
l26_seed_010	self-reference wording	29035	0.14933475852012634	45
l26_seed_010	self-reference wording	21533	0.1465442031621933	46
l26_seed_010	self-reference wording	22126	0.14259794354438782	47
l26_seed_010	self-reference wording	11930	0.14238716661930084	48
l26_seed_010	self-reference wording	31863	0.1397765576839447	49
l26_seed_010	self-reference wording	10206	0.1392950713634491	50
l26_seed_011	self-reference wording	2938	2.5904288291931152	1
l26_seed_011	self-reference wording	5417	0.9564135074615479	2
l26_seed_011	self-reference wording	18937	0.8032079935073853	3
l26_seed_011	self-reference wording	29170	0.557507336139679	4
l26_seed_011	self-reference wording	19826	0.4271000027656555	5
l26_seed_011	self-reference wording	23797	0.39974141120910645	6
l26_seed_011	self-reference wording	18198	0.39460963010787964	7
l26_seed_011	self-reference wording	14727	0.36091113090515137	8
l26_seed_011	self-reference wording	10066	0.332531601190567	9
l26_seed_011	self-reference wording	17656	0.33172115683555603	10
l26_seed_011	self-reference wording	7163	0.33011797070503235	11
l26_seed_011	self-reference wording	25325	0.30876851081848145	12
l26_seed_011	self-reference wording	6695	0.27865028381347656	13
l26_seed_011	self-reference wording	22013	0.26652002334594727	14
l26_seed_011	self-reference wording	28705	0.2597403824329376	15
l26_seed_011	self-reference wording	28884	0.23959729075431824	16
l26_seed_011	self-reference wording	25337	0.23657730221748352	17
l26_seed_011	self-reference wording	21534	0.22065161168575287	18
l26_seed_011	self-reference wording	13489	0.21883241832256317	19
l26_seed_011	self-reference wording	26216	0.21361735463142395	20
l26_seed_011	self-reference wording	27399	0.1942424476146698	21
l26_seed_011	self-reference wording	7172	0.19290973246097565	22
l26_seed_011	self-reference wording	23067	0.19062119722366333	23
l26_seed_011	self-reference wording	21620	0.18575461208820343	24
l26_seed_011	self-reference wording	30823	0.18338561058044434	25
l26_seed_011	self-reference wording	28713	0.18030396103858948	26
l26_seed_011	self-reference wording	18030	0.17218726873397827	27
l26_seed_011	self-reference wording	5349	0.17068235576152802	28
l26_seed_011	self-reference wording	17350	0.15783564746379852	29
l26_seed_011	self-reference wording	13407	0.1560230255126953	30
l26_seed_011	self-reference wording	30911	0.15114054083824158	31
l26_seed_011	self-reference wording	23775	0.1481310874223709	32
l26_seed_011	self-reference wording	32047	0.14539948105812073	33
l26_seed_011	self-reference wording	21626	0.14258895814418793	34
l26_seed_011	self-reference wording	29246	0.13782131671905518	35
l26_seed_011	self-reference wording	21679	0.13674432039260864	36
l26_seed_011	self-reference wording	23556	0.13643066585063934	37
l26_seed_011	self-reference wording	2604	0.13589413464069366	38
l26_seed_011	self-reference wording	32294	0.13408830761909485	39
l26_seed_011	self-reference wording	27423	0.1335884928703308	40
l26_seed_011	self-reference wording	12088	0.13334134221076965	41
l26_seed_011	self-reference wording	9274	0.1331896185874939	42
l26_seed_011	self-reference wording	22780	0.13237088918685913	43
l26_seed_011	self-reference wording	5527	0.1311970055103302	44
l26_seed_011	self-reference wording	7062	0.130345419049263	45
l26_seed_011	self-reference wording	27778	0.12913940846920013	46
l26_seed_011	self-reference wording	18224	0.12875360250473022	47
l26_seed_011	self-reference wording	30213	0.1273244172334671	48
l26_seed_011	self-reference wording	32598	0.12552893161773682	49
l26_seed_011	self-reference wording	12084	0.12510272860527039	50
l26_seed_012	self-reference wording	2938	2.017343044281006	1
l26_seed_012	self-reference wording	18937	0.9265568256378174	2
l26_seed_012	self-reference wording	5417	0.8854706287384033	3
l26_seed_012	self-reference wording	7163	0.78029465675354	4
l26_seed_012	self-reference wording	19826	0.48435771465301514	5
l26_seed_012	self-reference wording	14727	0.3968968391418457	6
l26_seed_012	self-reference wording	25720	0.3824882209300995	7
l26_seed_012	self-reference wording	15861	0.34042614698410034	8
l26_seed_012	self-reference wording	31489	0.32708436250686646	9
l26_seed_012	self-reference wording	28713	0.30404889583587646	10
l26_seed_012	self-reference wording	17656	0.3002385199069977	11
l26_seed_012	self-reference wording	23797	0.27652037143707275	12
l26_seed_012	self-reference wording	1626	0.27624452114105225	13
l26_seed_012	self-reference wording	21620	0.2720611095428467	14
l26_seed_012	self-reference wording	6021	0.2658598721027374	15
l26_seed_012	self-reference wording	11270	0.2641037404537201	16
l26_seed_012	self-reference wording	18693	0.24491778016090393	17
l26_seed_012	self-reference wording	28661	0.24241715669631958	18
l26_seed_012	self-reference wording	19170	0.2369024008512497	19
l26_seed_012	self-reference wording	27282	0.23389668762683868	20
l26_seed_012	self-reference wording	2384	0.22567316889762878	21
l26_seed_012	self-reference wording	24999	0.21681584417819977	22
l26_seed_012	self-reference wording	6695	0.20891058444976807	23
l26_seed_012	self-reference wording	22013	0.20866411924362183	24
l26_seed_012	self-reference wording	31883	0.20511773228645325	25
l26_seed_012	self-reference wording	10066	0.20362859964370728	26
l26_seed_012	self-reference wording	18198	0.19880987703800201	27
l26_seed_012	self-reference wording	5995	0.18967373669147491	28
l26_seed_012	self-reference wording	28705	0.18547029793262482	29
l26_seed_012	self-reference wording	12008	0.1794808804988861	30
l26_seed_012	self-reference wording	14858	0.17691302299499512	31
l26_seed_012	self-reference wording	31490	0.17654991149902344	32
l26_seed_012	self-reference wording	16661	0.1756509244441986	33
l26_seed_012	self-reference wording	25325	0.17484787106513977	34
l26_seed_012	self-reference wording	32554	0.17221619188785553	35
l26_seed_012	self-reference wording	25055	0.1701236516237259	36
l26_seed_012	self-reference wording	29035	0.1689271330833435	37
l26_seed_012	self-reference wording	2223	0.16754359006881714	38
l26_seed_012	self-reference wording	14653	0.16741609573364258	39
l26_seed_012	self-reference wording	27096	0.16615095734596252	40
l26_seed_012	self-reference wording	8782	0.16216257214546204	41
l26_seed_012	self-reference wording	5852	0.16179296374320984	42
l26_seed_012	self-reference wording	8356	0.16139312088489532	43
l26_seed_012	self-reference wording	25337	0.15850830078125	44
l26_seed_012	self-reference wording	2297	0.15327930450439453	45
l26_seed_012	self-reference wording	23060	0.15250320732593536	46
l26_seed_012	self-reference wording	18242	0.15122511982917786	47
l26_seed_012	self-reference wording	11969	0.14670366048812866	48
l26_seed_012	self-reference wording	12676	0.14359310269355774	49
l26_seed_012	self-reference wording	25721	0.14274263381958008	50
l26_seed_013	inner-state wording	2938	1.5904412269592285	1
l26_seed_013	inner-state wording	5417	1.5842849016189575	2
l26_seed_013	inner-state wording	18937	1.0684078931808472	3
l26_seed_013	inner-state wording	19826	0.6107801795005798	4
l26_seed_013	inner-state wording	25325	0.5699813365936279	5
l26_seed_013	inner-state wording	29516	0.5426875352859497	6
l26_seed_013	inner-state wording	4667	0.5056452751159668	7
l26_seed_013	inner-state wording	27282	0.4210847020149231	8
l26_seed_013	inner-state wording	6790	0.4180239737033844	9
l26_seed_013	inner-state wording	19368	0.4050649404525757	10
l26_seed_013	inner-state wording	14862	0.35059255361557007	11
l26_seed_013	inner-state wording	26548	0.34340983629226685	12
l26_seed_013	inner-state wording	6021	0.33190688490867615	13
l26_seed_013	inner-state wording	18198	0.3173831105232239	14
l26_seed_013	inner-state wording	21534	0.31345510482788086	15
l26_seed_013	inner-state wording	10146	0.3117380142211914	16
l26_seed_013	inner-state wording	21061	0.3063672184944153	17
l26_seed_013	inner-state wording	2223	0.3051719069480896	18
l26_seed_013	inner-state wording	22013	0.29087626934051514	19
l26_seed_013	inner-state wording	1626	0.2855812907218933	20
l26_seed_013	inner-state wording	21620	0.2783796191215515	21
l26_seed_013	inner-state wording	29329	0.27342742681503296	22
l26_seed_013	inner-state wording	14727	0.26222503185272217	23
l26_seed_013	inner-state wording	28696	0.2613956034183502	24
l26_seed_013	inner-state wording	14845	0.2585328221321106	25
l26_seed_013	inner-state wording	17656	0.25695618987083435	26
l26_seed_013	inner-state wording	30903	0.2559485137462616	27
l26_seed_013	inner-state wording	7163	0.2531364858150482	28
l26_seed_013	inner-state wording	28445	0.24631451070308685	29
l26_seed_013	inner-state wording	10066	0.2444879710674286	30
l26_seed_013	inner-state wording	23725	0.24034947156906128	31
l26_seed_013	inner-state wording	30978	0.2366148829460144	32
l26_seed_013	inner-state wording	13916	0.23389355838298798	33
l26_seed_013	inner-state wording	28705	0.23355534672737122	34
l26_seed_013	inner-state wording	8623	0.23345711827278137	35
l26_seed_013	inner-state wording	15753	0.22973044216632843	36
l26_seed_013	inner-state wording	28852	0.2275533378124237	37
l26_seed_013	inner-state wording	25721	0.22621890902519226	38
l26_seed_013	inner-state wording	26684	0.22062046825885773	39
l26_seed_013	inner-state wording	22514	0.2191106677055359	40
l26_seed_013	inner-state wording	8003	0.21746689081192017	41
l26_seed_013	inner-state wording	29529	0.21422365307807922	42
l26_seed_013	inner-state wording	25575	0.21215415000915527	43
l26_seed_013	inner-state wording	23067	0.20589637756347656	44
l26_seed_013	inner-state wording	3684	0.19965393841266632	45
l26_seed_013	inner-state wording	29684	0.1967586874961853	46
l26_seed_013	inner-state wording	19960	0.19670581817626953	47
l26_seed_013	inner-state wording	31114	0.19622990489006042	48
l26_seed_013	inner-state wording	28110	0.1914985179901123	49
l26_seed_013	inner-state wording	13489	0.1901293247938156	50
l26_seed_014	inner-state wording	2938	1.5925662517547607	1
l26_seed_014	inner-state wording	18937	0.9290350675582886	2
l26_seed_014	inner-state wording	5417	0.8822612762451172	3
l26_seed_014	inner-state wording	29170	0.656760573387146	4
l26_seed_014	inner-state wording	1626	0.5385371446609497	5
l26_seed_014	inner-state wording	16661	0.47357189655303955	6
l26_seed_014	inner-state wording	18742	0.465584933757782	7
l26_seed_014	inner-state wording	19826	0.45102787017822266	8
l26_seed_014	inner-state wording	25720	0.4075191020965576	9
l26_seed_014	inner-state wording	17374	0.4023905098438263	10
l26_seed_014	inner-state wording	21620	0.39142751693725586	11
l26_seed_014	inner-state wording	18198	0.3867284655570984	12
l26_seed_014	inner-state wording	14727	0.32940250635147095	13
l26_seed_014	inner-state wording	4068	0.322139710187912	14
l26_seed_014	inner-state wording	26684	0.3172505497932434	15
l26_seed_014	inner-state wording	25325	0.30737534165382385	16
l26_seed_014	inner-state wording	19170	0.30621251463890076	17
l26_seed_014	inner-state wording	22013	0.2939227521419525	18
l26_seed_014	inner-state wording	6695	0.27777838706970215	19
l26_seed_014	inner-state wording	26056	0.25348997116088867	20
l26_seed_014	inner-state wording	12088	0.2408158928155899	21
l26_seed_014	inner-state wording	28724	0.23281852900981903	22
l26_seed_014	inner-state wording	25005	0.23086461424827576	23
l26_seed_014	inner-state wording	21534	0.2259814590215683	24
l26_seed_014	inner-state wording	14306	0.2228786200284958	25
l26_seed_014	inner-state wording	30147	0.22176098823547363	26
l26_seed_014	inner-state wording	28713	0.21728329360485077	27
l26_seed_014	inner-state wording	6021	0.21344587206840515	28
l26_seed_014	inner-state wording	16906	0.21281568706035614	29
l26_seed_014	inner-state wording	14653	0.21077479422092438	30
l26_seed_014	inner-state wording	30205	0.20466917753219604	31
l26_seed_014	inner-state wording	23123	0.19753241539001465	32
l26_seed_014	inner-state wording	9004	0.19121041893959045	33
l26_seed_014	inner-state wording	5598	0.18779206275939941	34
l26_seed_014	inner-state wording	32307	0.1854344606399536	35
l26_seed_014	inner-state wording	11008	0.17962241172790527	36
l26_seed_014	inner-state wording	10066	0.1706761121749878	37
l26_seed_014	inner-state wording	16683	0.16576477885246277	38
l26_seed_014	inner-state wording	16350	0.16482678055763245	39
l26_seed_014	inner-state wording	6593	0.15949684381484985	40
l26_seed_014	inner-state wording	12734	0.15834982693195343	41
l26_seed_014	inner-state wording	609	0.15783903002738953	42
l26_seed_014	inner-state wording	6634	0.1573183536529541	43
l26_seed_014	inner-state wording	23754	0.15625524520874023	44
l26_seed_014	inner-state wording	15560	0.15605077147483826	45
l26_seed_014	inner-state wording	5506	0.15532977879047394	46
l26_seed_014	inner-state wording	16439	0.1543874740600586	47
l26_seed_014	inner-state wording	10764	0.15323160588741302	48
l26_seed_014	inner-state wording	9234	0.1512073278427124	49
l26_seed_014	inner-state wording	125	0.14548730850219727	50
l26_seed_015	inner-state wording	2938	2.0712766647338867	1
l26_seed_015	inner-state wording	5417	1.3993127346038818	2
l26_seed_015	inner-state wording	18937	1.0055956840515137	3
l26_seed_015	inner-state wording	19826	0.6957290768623352	4
l26_seed_015	inner-state wording	10146	0.5456475615501404	5
l26_seed_015	inner-state wording	21620	0.47167837619781494	6
l26_seed_015	inner-state wording	22013	0.4554362893104553	7
l26_seed_015	inner-state wording	26625	0.4345363676548004	8
l26_seed_015	inner-state wording	22514	0.4277605712413788	9
l26_seed_015	inner-state wording	13489	0.4120256304740906	10
l26_seed_015	inner-state wording	28713	0.3894766569137573	11
l26_seed_015	inner-state wording	7619	0.373019814491272	12
l26_seed_015	inner-state wording	14727	0.3580204248428345	13
l26_seed_015	inner-state wording	8758	0.33215391635894775	14
l26_seed_015	inner-state wording	11716	0.3159826397895813	15
l26_seed_015	inner-state wording	17858	0.298270583152771	16
l26_seed_015	inner-state wording	10764	0.2903783321380615	17
l26_seed_015	inner-state wording	32258	0.28058236837387085	18
l26_seed_015	inner-state wording	2566	0.27068793773651123	19
l26_seed_015	inner-state wording	25325	0.2674131989479065	20
l26_seed_015	inner-state wording	16188	0.2639272212982178	21
l26_seed_015	inner-state wording	7172	0.2639041543006897	22
l26_seed_015	inner-state wording	386	0.2578754425048828	23
l26_seed_015	inner-state wording	15470	0.25779464840888977	24
l26_seed_015	inner-state wording	19735	0.2576022744178772	25
l26_seed_015	inner-state wording	6302	0.24392592906951904	26
l26_seed_015	inner-state wording	28445	0.23968282341957092	27
l26_seed_015	inner-state wording	6034	0.23950247466564178	28
l26_seed_015	inner-state wording	5506	0.23529428243637085	29
l26_seed_015	inner-state wording	10907	0.23008251190185547	30
l26_seed_015	inner-state wording	4875	0.22092629969120026	31
l26_seed_015	inner-state wording	17682	0.2117149978876114	32
l26_seed_015	inner-state wording	25005	0.20878073573112488	33
l26_seed_015	inner-state wording	972	0.20506107807159424	34
l26_seed_015	inner-state wording	32294	0.20454974472522736	35
l26_seed_015	inner-state wording	512	0.20368310809135437	36
l26_seed_015	inner-state wording	6021	0.19981297850608826	37
l26_seed_015	inner-state wording	30252	0.19896213710308075	38
l26_seed_015	inner-state wording	27282	0.19513507187366486	39
l26_seed_015	inner-state wording	31616	0.1916685551404953	40
l26_seed_015	inner-state wording	19261	0.18867924809455872	41
l26_seed_015	inner-state wording	4310	0.1875394880771637	42
l26_seed_015	inner-state wording	1374	0.18738362193107605	43
l26_seed_015	inner-state wording	2720	0.18537870049476624	44
l26_seed_015	inner-state wording	5835	0.18119540810585022	45
l26_seed_015	inner-state wording	29217	0.18027952313423157	46
l26_seed_015	inner-state wording	18393	0.1795346587896347	47
l26_seed_015	inner-state wording	23859	0.17268912494182587	48
l26_seed_015	inner-state wording	18697	0.17262572050094604	49
l26_seed_015	inner-state wording	24907	0.17113244533538818	50
l26_seed_016	hum/substrate wording	2938	1.265514850616455	1
l26_seed_016	hum/substrate wording	5417	1.0604265928268433	2
l26_seed_016	hum/substrate wording	18937	0.6953111886978149	3
l26_seed_016	hum/substrate wording	19826	0.6816864013671875	4
l26_seed_016	hum/substrate wording	16661	0.6173400282859802	5
l26_seed_016	hum/substrate wording	18742	0.5679702162742615	6
l26_seed_016	hum/substrate wording	22091	0.3763344883918762	7
l26_seed_016	hum/substrate wording	1626	0.37252265214920044	8
l26_seed_016	hum/substrate wording	19185	0.34984785318374634	9
l26_seed_016	hum/substrate wording	28713	0.34750717878341675	10
l26_seed_016	hum/substrate wording	7837	0.33887165784835815	11
l26_seed_016	hum/substrate wording	29329	0.33839815855026245	12
l26_seed_016	hum/substrate wording	14727	0.32806068658828735	13
l26_seed_016	hum/substrate wording	25720	0.32382917404174805	14
l26_seed_016	hum/substrate wording	21620	0.29199695587158203	15
l26_seed_016	hum/substrate wording	19170	0.28378838300704956	16
l26_seed_016	hum/substrate wording	6695	0.2780032157897949	17
l26_seed_016	hum/substrate wording	7619	0.27289944887161255	18
l26_seed_016	hum/substrate wording	4071	0.26574021577835083	19
l26_seed_016	hum/substrate wording	26625	0.2557489275932312	20
l26_seed_016	hum/substrate wording	22013	0.24918724596500397	21
l26_seed_016	hum/substrate wording	21231	0.24466148018836975	22
l26_seed_016	hum/substrate wording	32529	0.24008920788764954	23
l26_seed_016	hum/substrate wording	14396	0.2349671870470047	24
l26_seed_016	hum/substrate wording	21190	0.2328370064496994	25
l26_seed_016	hum/substrate wording	8527	0.22404789924621582	26
l26_seed_016	hum/substrate wording	7322	0.22139164805412292	27
l26_seed_016	hum/substrate wording	23797	0.2008320391178131	28
l26_seed_016	hum/substrate wording	17374	0.19967100024223328	29
l26_seed_016	hum/substrate wording	26684	0.1984652429819107	30
l26_seed_016	hum/substrate wording	26262	0.19677197933197021	31
l26_seed_016	hum/substrate wording	28724	0.19526506960391998	32
l26_seed_016	hum/substrate wording	29396	0.19462022185325623	33
l26_seed_016	hum/substrate wording	25794	0.19418039917945862	34
l26_seed_016	hum/substrate wording	21807	0.19086182117462158	35
l26_seed_016	hum/substrate wording	3899	0.18849775195121765	36
l26_seed_016	hum/substrate wording	3056	0.1873457133769989	37
l26_seed_016	hum/substrate wording	23719	0.1818789392709732	38
l26_seed_016	hum/substrate wording	27282	0.18096421658992767	39
l26_seed_016	hum/substrate wording	28705	0.18051111698150635	40
l26_seed_016	hum/substrate wording	609	0.18047690391540527	41
l26_seed_016	hum/substrate wording	15096	0.1787448525428772	42
l26_seed_016	hum/substrate wording	2430	0.17821826040744781	43
l26_seed_016	hum/substrate wording	23754	0.1780603677034378	44
l26_seed_016	hum/substrate wording	21534	0.17587575316429138	45
l26_seed_016	hum/substrate wording	11942	0.17503896355628967	46
l26_seed_016	hum/substrate wording	30205	0.17490528523921967	47
l26_seed_016	hum/substrate wording	29684	0.17365911602973938	48
l26_seed_016	hum/substrate wording	18198	0.17246964573860168	49
l26_seed_016	hum/substrate wording	18996	0.16928648948669434	50
l26_seed_017	hum/substrate wording	2938	1.7695815563201904	1
l26_seed_017	hum/substrate wording	22402	0.7616547346115112	2
l26_seed_017	hum/substrate wording	5417	0.7370423078536987	3
l26_seed_017	hum/substrate wording	18937	0.6419893503189087	4
l26_seed_017	hum/substrate wording	25337	0.58987957239151	5
l26_seed_017	hum/substrate wording	28724	0.5472956299781799	6
l26_seed_017	hum/substrate wording	16661	0.45490145683288574	7
l26_seed_017	hum/substrate wording	28713	0.4543517231941223	8
l26_seed_017	hum/substrate wording	7163	0.45294299721717834	9
l26_seed_017	hum/substrate wording	19826	0.4291892647743225	10
l26_seed_017	hum/substrate wording	1626	0.37628090381622314	11
l26_seed_017	hum/substrate wording	6021	0.3411501944065094	12
l26_seed_017	hum/substrate wording	31489	0.3320543169975281	13
l26_seed_017	hum/substrate wording	14727	0.30174970626831055	14
l26_seed_017	hum/substrate wording	19752	0.2885199785232544	15
l26_seed_017	hum/substrate wording	18198	0.2794574499130249	16
l26_seed_017	hum/substrate wording	6695	0.27120131254196167	17
l26_seed_017	hum/substrate wording	3818	0.24256223440170288	18
l26_seed_017	hum/substrate wording	11173	0.24185854196548462	19
l26_seed_017	hum/substrate wording	19325	0.23298680782318115	20
l26_seed_017	hum/substrate wording	10066	0.22849974036216736	21
l26_seed_017	hum/substrate wording	18403	0.21216639876365662	22
l26_seed_017	hum/substrate wording	27096	0.20204395055770874	23
l26_seed_017	hum/substrate wording	14244	0.20073287189006805	24
l26_seed_017	hum/substrate wording	18576	0.19432789087295532	25
l26_seed_017	hum/substrate wording	19170	0.19230705499649048	26
l26_seed_017	hum/substrate wording	23497	0.19067838788032532	27
l26_seed_017	hum/substrate wording	23797	0.1887708306312561	28
l26_seed_017	hum/substrate wording	28661	0.18822240829467773	29
l26_seed_017	hum/substrate wording	15349	0.1867755502462387	30
l26_seed_017	hum/substrate wording	1337	0.18106365203857422	31
l26_seed_017	hum/substrate wording	25325	0.1744689792394638	32
l26_seed_017	hum/substrate wording	32307	0.17077569663524628	33
l26_seed_017	hum/substrate wording	27282	0.17035377025604248	34
l26_seed_017	hum/substrate wording	18030	0.16852322220802307	35
l26_seed_017	hum/substrate wording	5598	0.16621822118759155	36
l26_seed_017	hum/substrate wording	30729	0.16164934635162354	37
l26_seed_017	hum/substrate wording	17138	0.15533150732517242	38
l26_seed_017	hum/substrate wording	37	0.15487444400787354	39
l26_seed_017	hum/substrate wording	15605	0.14941877126693726	40
l26_seed_017	hum/substrate wording	5766	0.14729827642440796	41
l26_seed_017	hum/substrate wording	18224	0.1444680243730545	42
l26_seed_017	hum/substrate wording	3056	0.14279308915138245	43
l26_seed_017	hum/substrate wording	13441	0.14151054620742798	44
l26_seed_017	hum/substrate wording	26661	0.14034143090248108	45
l26_seed_017	hum/substrate wording	21565	0.13942810893058777	46
l26_seed_017	hum/substrate wording	22800	0.13886892795562744	47
l26_seed_017	hum/substrate wording	30033	0.13848744332790375	48
l26_seed_017	hum/substrate wording	657	0.1368284970521927	49
l26_seed_017	hum/substrate wording	27911	0.13475032150745392	50
l26_seed_018	hum/substrate wording	18937	0.8909426927566528	1
l26_seed_018	hum/substrate wording	5417	0.8796753883361816	2
l26_seed_018	hum/substrate wording	2938	0.7456517219543457	3
l26_seed_018	hum/substrate wording	16661	0.6602550148963928	4
l26_seed_018	hum/substrate wording	7837	0.6515672206878662	5
l26_seed_018	hum/substrate wording	19826	0.5413110852241516	6
l26_seed_018	hum/substrate wording	17374	0.5095381736755371	7
l26_seed_018	hum/substrate wording	23719	0.43063056468963623	8
l26_seed_018	hum/substrate wording	14727	0.4042016863822937	9
l26_seed_018	hum/substrate wording	19185	0.4000406265258789	10
l26_seed_018	hum/substrate wording	17645	0.3594088852405548	11
l26_seed_018	hum/substrate wording	21231	0.3536863625049591	12
l26_seed_018	hum/substrate wording	9004	0.3313818573951721	13
l26_seed_018	hum/substrate wording	23797	0.30907297134399414	14
l26_seed_018	hum/substrate wording	17138	0.306887149810791	15
l26_seed_018	hum/substrate wording	14396	0.25071537494659424	16
l26_seed_018	hum/substrate wording	28724	0.24705912172794342	17
l26_seed_018	hum/substrate wording	1626	0.2463337928056717	18
l26_seed_018	hum/substrate wording	9616	0.24541933834552765	19
l26_seed_018	hum/substrate wording	8527	0.2429133653640747	20
l26_seed_018	hum/substrate wording	7619	0.2398088127374649	21
l26_seed_018	hum/substrate wording	14614	0.2360202968120575	22
l26_seed_018	hum/substrate wording	7322	0.23334363102912903	23
l26_seed_018	hum/substrate wording	8217	0.229148730635643	24
l26_seed_018	hum/substrate wording	10671	0.22908204793930054	25
l26_seed_018	hum/substrate wording	9665	0.2273544818162918	26
l26_seed_018	hum/substrate wording	6976	0.22734980285167694	27
l26_seed_018	hum/substrate wording	26625	0.2152758240699768	28
l26_seed_018	hum/substrate wording	22091	0.2085939645767212	29
l26_seed_018	hum/substrate wording	28713	0.20371870696544647	30
l26_seed_018	hum/substrate wording	6478	0.20172762870788574	31
l26_seed_018	hum/substrate wording	7172	0.1921319216489792	32
l26_seed_018	hum/substrate wording	2946	0.1873367428779602	33
l26_seed_018	hum/substrate wording	20150	0.18630929291248322	34
l26_seed_018	hum/substrate wording	75	0.18431499600410461	35
l26_seed_018	hum/substrate wording	6264	0.17837396264076233	36
l26_seed_018	hum/substrate wording	23754	0.1779959499835968	37
l26_seed_018	hum/substrate wording	18198	0.17374278604984283	38
l26_seed_018	hum/substrate wording	16906	0.17365539073944092	39
l26_seed_018	hum/substrate wording	19768	0.17226743698120117	40
l26_seed_018	hum/substrate wording	17638	0.17207342386245728	41
l26_seed_018	hum/substrate wording	12468	0.17119652032852173	42
l26_seed_018	hum/substrate wording	28445	0.16766367852687836	43
l26_seed_018	hum/substrate wording	19170	0.16482415795326233	44
l26_seed_018	hum/substrate wording	125	0.15997904539108276	45
l26_seed_018	hum/substrate wording	21620	0.15466941893100739	46
l26_seed_018	hum/substrate wording	27544	0.15397173166275024	47
l26_seed_018	hum/substrate wording	30205	0.15122854709625244	48
l26_seed_018	hum/substrate wording	974	0.1506555825471878	49
l26_seed_018	hum/substrate wording	16934	0.15010538697242737	50
l26_seed_019	Unicode d-stroke perturbation	2938	1.3529713153839111	1
l26_seed_019	Unicode d-stroke perturbation	5417	1.216702938079834	2
l26_seed_019	Unicode d-stroke perturbation	18937	0.8224657773971558	3
l26_seed_019	Unicode d-stroke perturbation	7837	0.5796219706535339	4
l26_seed_019	Unicode d-stroke perturbation	19826	0.4905679225921631	5
l26_seed_019	Unicode d-stroke perturbation	21534	0.40445345640182495	6
l26_seed_019	Unicode d-stroke perturbation	22013	0.38321489095687866	7
l26_seed_019	Unicode d-stroke perturbation	25325	0.31846654415130615	8
l26_seed_019	Unicode d-stroke perturbation	21620	0.31206977367401123	9
l26_seed_019	Unicode d-stroke perturbation	14727	0.3103015422821045	10
l26_seed_019	Unicode d-stroke perturbation	9616	0.2923177480697632	11
l26_seed_019	Unicode d-stroke perturbation	6695	0.27952879667282104	12
l26_seed_019	Unicode d-stroke perturbation	12034	0.27737677097320557	13
l26_seed_019	Unicode d-stroke perturbation	26684	0.27533119916915894	14
l26_seed_019	Unicode d-stroke perturbation	22091	0.2686503529548645	15
l26_seed_019	Unicode d-stroke perturbation	12425	0.2575003504753113	16
l26_seed_019	Unicode d-stroke perturbation	720	0.2525244355201721	17
l26_seed_019	Unicode d-stroke perturbation	18742	0.24753503501415253	18
l26_seed_019	Unicode d-stroke perturbation	28713	0.246503546833992	19
l26_seed_019	Unicode d-stroke perturbation	23797	0.23159313201904297	20
l26_seed_019	Unicode d-stroke perturbation	5657	0.2311876267194748	21
l26_seed_019	Unicode d-stroke perturbation	21803	0.22730925679206848	22
l26_seed_019	Unicode d-stroke perturbation	23725	0.2267526388168335	23
l26_seed_019	Unicode d-stroke perturbation	1626	0.22445981204509735	24
l26_seed_019	Unicode d-stroke perturbation	18996	0.22214815020561218	25
l26_seed_019	Unicode d-stroke perturbation	7619	0.22120524942874908	26
l26_seed_019	Unicode d-stroke perturbation	677	0.21962057054042816	27
l26_seed_019	Unicode d-stroke perturbation	22159	0.21934843063354492	28
l26_seed_019	Unicode d-stroke perturbation	28531	0.20860202610492706	29
l26_seed_019	Unicode d-stroke perturbation	16661	0.2075132429599762	30
l26_seed_019	Unicode d-stroke perturbation	15535	0.19730167090892792	31
l26_seed_019	Unicode d-stroke perturbation	25720	0.18358761072158813	32
l26_seed_019	Unicode d-stroke perturbation	8356	0.1809108406305313	33
l26_seed_019	Unicode d-stroke perturbation	4071	0.17405202984809875	34
l26_seed_019	Unicode d-stroke perturbation	32417	0.1665622889995575	35
l26_seed_019	Unicode d-stroke perturbation	21190	0.1634249985218048	36
l26_seed_019	Unicode d-stroke perturbation	8295	0.16128340363502502	37
l26_seed_019	Unicode d-stroke perturbation	29486	0.16033101081848145	38
l26_seed_019	Unicode d-stroke perturbation	10066	0.1588980257511139	39
l26_seed_019	Unicode d-stroke perturbation	30205	0.15693950653076172	40
l26_seed_019	Unicode d-stroke perturbation	23123	0.15679171681404114	41
l26_seed_019	Unicode d-stroke perturbation	26738	0.15429434180259705	42
l26_seed_019	Unicode d-stroke perturbation	12192	0.15403780341148376	43
l26_seed_019	Unicode d-stroke perturbation	3056	0.15198741853237152	44
l26_seed_019	Unicode d-stroke perturbation	17913	0.14987075328826904	45
l26_seed_019	Unicode d-stroke perturbation	7163	0.1494525671005249	46
l26_seed_019	Unicode d-stroke perturbation	31640	0.14936202764511108	47
l26_seed_019	Unicode d-stroke perturbation	28705	0.14809629321098328	48
l26_seed_019	Unicode d-stroke perturbation	2882	0.14793449640274048	49
l26_seed_019	Unicode d-stroke perturbation	7227	0.1473620980978012	50
l26_seed_020	Unicode d-stroke perturbation	2938	1.0927884578704834	1
l26_seed_020	Unicode d-stroke perturbation	5417	0.6237177848815918	2
l26_seed_020	Unicode d-stroke perturbation	14858	0.6115518808364868	3
l26_seed_020	Unicode d-stroke perturbation	19185	0.4691152572631836	4
l26_seed_020	Unicode d-stroke perturbation	32307	0.4606325030326843	5
l26_seed_020	Unicode d-stroke perturbation	16661	0.4308074712753296	6
l26_seed_020	Unicode d-stroke perturbation	17679	0.42257651686668396	7
l26_seed_020	Unicode d-stroke perturbation	28724	0.4007524847984314	8
l26_seed_020	Unicode d-stroke perturbation	19826	0.3891322612762451	9
l26_seed_020	Unicode d-stroke perturbation	25720	0.35984891653060913	10
l26_seed_020	Unicode d-stroke perturbation	10690	0.2815270721912384	11
l26_seed_020	Unicode d-stroke perturbation	12034	0.26325559616088867	12
l26_seed_020	Unicode d-stroke perturbation	7837	0.2518363296985626	13
l26_seed_020	Unicode d-stroke perturbation	14306	0.24536556005477905	14
l26_seed_020	Unicode d-stroke perturbation	19170	0.2324838787317276	15
l26_seed_020	Unicode d-stroke perturbation	32529	0.22936654090881348	16
l26_seed_020	Unicode d-stroke perturbation	701	0.2206173539161682	17
l26_seed_020	Unicode d-stroke perturbation	22986	0.2139311134815216	18
l26_seed_020	Unicode d-stroke perturbation	29684	0.21354460716247559	19
l26_seed_020	Unicode d-stroke perturbation	22013	0.2089356780052185	20
l26_seed_020	Unicode d-stroke perturbation	22091	0.20504321157932281	21
l26_seed_020	Unicode d-stroke perturbation	8295	0.20433923602104187	22
l26_seed_020	Unicode d-stroke perturbation	12468	0.20171600580215454	23
l26_seed_020	Unicode d-stroke perturbation	4700	0.19951826333999634	24
l26_seed_020	Unicode d-stroke perturbation	27766	0.19281747937202454	25
l26_seed_020	Unicode d-stroke perturbation	25495	0.19116489589214325	26
l26_seed_020	Unicode d-stroke perturbation	23797	0.18997186422348022	27
l26_seed_020	Unicode d-stroke perturbation	24150	0.18286535143852234	28
l26_seed_020	Unicode d-stroke perturbation	15753	0.17080830037593842	29
l26_seed_020	Unicode d-stroke perturbation	32526	0.16388952732086182	30
l26_seed_020	Unicode d-stroke perturbation	9467	0.1636037677526474	31
l26_seed_020	Unicode d-stroke perturbation	24756	0.16191886365413666	32
l26_seed_020	Unicode d-stroke perturbation	22599	0.1618744134902954	33
l26_seed_020	Unicode d-stroke perturbation	22628	0.15695470571517944	34
l26_seed_020	Unicode d-stroke perturbation	21620	0.15606679022312164	35
l26_seed_020	Unicode d-stroke perturbation	32086	0.15398430824279785	36
l26_seed_020	Unicode d-stroke perturbation	9616	0.15161271393299103	37
l26_seed_020	Unicode d-stroke perturbation	12929	0.14960870146751404	38
l26_seed_020	Unicode d-stroke perturbation	6619	0.14794690907001495	39
l26_seed_020	Unicode d-stroke perturbation	1616	0.14562886953353882	40
l26_seed_020	Unicode d-stroke perturbation	14396	0.14337800443172455	41
l26_seed_020	Unicode d-stroke perturbation	10130	0.14234110713005066	42
l26_seed_020	Unicode d-stroke perturbation	28713	0.14196623861789703	43
l26_seed_020	Unicode d-stroke perturbation	14727	0.14023496210575104	44
l26_seed_020	Unicode d-stroke perturbation	24235	0.13580092787742615	45
l26_seed_020	Unicode d-stroke perturbation	31073	0.1355254054069519	46
l26_seed_020	Unicode d-stroke perturbation	9061	0.13520547747612	47
l26_seed_020	Unicode d-stroke perturbation	11270	0.13393905758857727	48
l26_seed_020	Unicode d-stroke perturbation	15349	0.1338212490081787	49
l26_seed_020	Unicode d-stroke perturbation	23123	0.13325993716716766	50
l26_seed_021	Unicode d-stroke perturbation	2938	1.8314785957336426	1
l26_seed_021	Unicode d-stroke perturbation	5417	1.018027663230896	2
l26_seed_021	Unicode d-stroke perturbation	18937	0.776664137840271	3
l26_seed_021	Unicode d-stroke perturbation	22013	0.4733223617076874	4
l26_seed_021	Unicode d-stroke perturbation	23618	0.44648730754852295	5
l26_seed_021	Unicode d-stroke perturbation	7619	0.43034660816192627	6
l26_seed_021	Unicode d-stroke perturbation	16793	0.39980828762054443	7
l26_seed_021	Unicode d-stroke perturbation	7837	0.39058029651641846	8
l26_seed_021	Unicode d-stroke perturbation	19826	0.3745974004268646	9
l26_seed_021	Unicode d-stroke perturbation	20200	0.3320789337158203	10
l26_seed_021	Unicode d-stroke perturbation	19401	0.32859113812446594	11
l26_seed_021	Unicode d-stroke perturbation	25325	0.32183215022087097	12
l26_seed_021	Unicode d-stroke perturbation	21534	0.30660200119018555	13
l26_seed_021	Unicode d-stroke perturbation	7227	0.29735442996025085	14
l26_seed_021	Unicode d-stroke perturbation	10066	0.28460073471069336	15
l26_seed_021	Unicode d-stroke perturbation	12034	0.26948878169059753	16
l26_seed_021	Unicode d-stroke perturbation	28713	0.2560739517211914	17
l26_seed_021	Unicode d-stroke perturbation	19681	0.2501739263534546	18
l26_seed_021	Unicode d-stroke perturbation	31025	0.24965274333953857	19
l26_seed_021	Unicode d-stroke perturbation	28312	0.23183327913284302	20
l26_seed_021	Unicode d-stroke perturbation	12425	0.22446344792842865	21
l26_seed_021	Unicode d-stroke perturbation	11297	0.21880096197128296	22
l26_seed_021	Unicode d-stroke perturbation	24825	0.2177228331565857	23
l26_seed_021	Unicode d-stroke perturbation	720	0.21557648479938507	24
l26_seed_021	Unicode d-stroke perturbation	27842	0.2154625952243805	25
l26_seed_021	Unicode d-stroke perturbation	1886	0.2132100760936737	26
l26_seed_021	Unicode d-stroke perturbation	14485	0.2076716125011444	27
l26_seed_021	Unicode d-stroke perturbation	23123	0.20765061676502228	28
l26_seed_021	Unicode d-stroke perturbation	19983	0.2072853446006775	29
l26_seed_021	Unicode d-stroke perturbation	28743	0.20432937145233154	30
l26_seed_021	Unicode d-stroke perturbation	28793	0.1976439207792282	31
l26_seed_021	Unicode d-stroke perturbation	17145	0.1974952220916748	32
l26_seed_021	Unicode d-stroke perturbation	3342	0.1926155686378479	33
l26_seed_021	Unicode d-stroke perturbation	19602	0.18325930833816528	34
l26_seed_021	Unicode d-stroke perturbation	19960	0.16895240545272827	35
l26_seed_021	Unicode d-stroke perturbation	27282	0.16874068975448608	36
l26_seed_021	Unicode d-stroke perturbation	28272	0.1676958054304123	37
l26_seed_021	Unicode d-stroke perturbation	20096	0.16630534827709198	38
l26_seed_021	Unicode d-stroke perturbation	25495	0.1651410311460495	39
l26_seed_021	Unicode d-stroke perturbation	19671	0.16324485838413239	40
l26_seed_021	Unicode d-stroke perturbation	7711	0.16295909881591797	41
l26_seed_021	Unicode d-stroke perturbation	26625	0.16263793408870697	42
l26_seed_021	Unicode d-stroke perturbation	677	0.15945422649383545	43
l26_seed_021	Unicode d-stroke perturbation	13214	0.15606069564819336	44
l26_seed_021	Unicode d-stroke perturbation	5214	0.15442119538784027	45
l26_seed_021	Unicode d-stroke perturbation	141	0.15362253785133362	46
l26_seed_021	Unicode d-stroke perturbation	25721	0.15327252447605133	47
l26_seed_021	Unicode d-stroke perturbation	7172	0.15093669295310974	48
l26_seed_021	Unicode d-stroke perturbation	28376	0.1500459611415863	49
l26_seed_021	Unicode d-stroke perturbation	21620	0.1497400999069214	50
l26_seed_022	Unicode handled-diacritic control	2938	2.3089046478271484	1
l26_seed_022	Unicode handled-diacritic control	16661	0.6235892176628113	2
l26_seed_022	Unicode handled-diacritic control	7163	0.5845767259597778	3
l26_seed_022	Unicode handled-diacritic control	5417	0.578467845916748	4
l26_seed_022	Unicode handled-diacritic control	18937	0.5239619016647339	5
l26_seed_022	Unicode handled-diacritic control	28713	0.5096816420555115	6
l26_seed_022	Unicode handled-diacritic control	30033	0.44241273403167725	7
l26_seed_022	Unicode handled-diacritic control	18198	0.4371938109397888	8
l26_seed_022	Unicode handled-diacritic control	29170	0.39489397406578064	9
l26_seed_022	Unicode handled-diacritic control	18224	0.3878939151763916	10
l26_seed_022	Unicode handled-diacritic control	14727	0.3811495900154114	11
l26_seed_022	Unicode handled-diacritic control	26056	0.36035311222076416	12
l26_seed_022	Unicode handled-diacritic control	16787	0.35115906596183777	13
l26_seed_022	Unicode handled-diacritic control	19826	0.32722777128219604	14
l26_seed_022	Unicode handled-diacritic control	25337	0.3232820928096771	15
l26_seed_022	Unicode handled-diacritic control	10129	0.31905725598335266	16
l26_seed_022	Unicode handled-diacritic control	23797	0.309408575296402	17
l26_seed_022	Unicode handled-diacritic control	25325	0.29797235131263733	18
l26_seed_022	Unicode handled-diacritic control	22078	0.2722938060760498	19
l26_seed_022	Unicode handled-diacritic control	5638	0.2719823718070984	20
l26_seed_022	Unicode handled-diacritic control	6695	0.27099987864494324	21
l26_seed_022	Unicode handled-diacritic control	14505	0.2675960659980774	22
l26_seed_022	Unicode handled-diacritic control	28724	0.2472742348909378	23
l26_seed_022	Unicode handled-diacritic control	31999	0.24432675540447235	24
l26_seed_022	Unicode handled-diacritic control	19752	0.24129660427570343	25
l26_seed_022	Unicode handled-diacritic control	12689	0.20975255966186523	26
l26_seed_022	Unicode handled-diacritic control	18415	0.20844393968582153	27
l26_seed_022	Unicode handled-diacritic control	2437	0.20328600704669952	28
l26_seed_022	Unicode handled-diacritic control	6780	0.2012130171060562	29
l26_seed_022	Unicode handled-diacritic control	11816	0.19973871111869812	30
l26_seed_022	Unicode handled-diacritic control	29848	0.1956283152103424	31
l26_seed_022	Unicode handled-diacritic control	30722	0.18848402798175812	32
l26_seed_022	Unicode handled-diacritic control	317	0.18778273463249207	33
l26_seed_022	Unicode handled-diacritic control	22780	0.18769173324108124	34
l26_seed_022	Unicode handled-diacritic control	27872	0.18551121652126312	35
l26_seed_022	Unicode handled-diacritic control	30713	0.18493667244911194	36
l26_seed_022	Unicode handled-diacritic control	10636	0.1824159324169159	37
l26_seed_022	Unicode handled-diacritic control	7711	0.18204788863658905	38
l26_seed_022	Unicode handled-diacritic control	2358	0.179519921541214	39
l26_seed_022	Unicode handled-diacritic control	6674	0.1760411560535431	40
l26_seed_022	Unicode handled-diacritic control	13614	0.17515471577644348	41
l26_seed_022	Unicode handled-diacritic control	22013	0.168079674243927	42
l26_seed_022	Unicode handled-diacritic control	12088	0.1679655760526657	43
l26_seed_022	Unicode handled-diacritic control	31865	0.16622981429100037	44
l26_seed_022	Unicode handled-diacritic control	15651	0.1659039705991745	45
l26_seed_022	Unicode handled-diacritic control	13671	0.16529595851898193	46
l26_seed_022	Unicode handled-diacritic control	17919	0.16323918104171753	47
l26_seed_022	Unicode handled-diacritic control	9197	0.16237415373325348	48
l26_seed_022	Unicode handled-diacritic control	9728	0.15889495611190796	49
l26_seed_022	Unicode handled-diacritic control	5598	0.15805962681770325	50
l26_seed_023	Unicode handled-diacritic control	2938	2.5791497230529785	1
l26_seed_023	Unicode handled-diacritic control	14727	0.5145763158798218	2
l26_seed_023	Unicode handled-diacritic control	5417	0.509962797164917	3
l26_seed_023	Unicode handled-diacritic control	18937	0.48338744044303894	4
l26_seed_023	Unicode handled-diacritic control	7163	0.4715154469013214	5
l26_seed_023	Unicode handled-diacritic control	16661	0.42606431245803833	6
l26_seed_023	Unicode handled-diacritic control	23797	0.41889357566833496	7
l26_seed_023	Unicode handled-diacritic control	30033	0.41528183221817017	8
l26_seed_023	Unicode handled-diacritic control	28713	0.4151037931442261	9
l26_seed_023	Unicode handled-diacritic control	18198	0.3794102072715759	10
l26_seed_023	Unicode handled-diacritic control	19826	0.3240600824356079	11
l26_seed_023	Unicode handled-diacritic control	26056	0.27654948830604553	12
l26_seed_023	Unicode handled-diacritic control	28724	0.2660726308822632	13
l26_seed_023	Unicode handled-diacritic control	18224	0.2647474408149719	14
l26_seed_023	Unicode handled-diacritic control	10059	0.26211586594581604	15
l26_seed_023	Unicode handled-diacritic control	19752	0.25327229499816895	16
l26_seed_023	Unicode handled-diacritic control	25325	0.24778592586517334	17
l26_seed_023	Unicode handled-diacritic control	6780	0.24110744893550873	18
l26_seed_023	Unicode handled-diacritic control	31999	0.2364996373653412	19
l26_seed_023	Unicode handled-diacritic control	22780	0.23287099599838257	20
l26_seed_023	Unicode handled-diacritic control	16787	0.2288060188293457	21
l26_seed_023	Unicode handled-diacritic control	22078	0.22397975623607635	22
l26_seed_023	Unicode handled-diacritic control	6695	0.22379909455776215	23
l26_seed_023	Unicode handled-diacritic control	18415	0.21667981147766113	24
l26_seed_023	Unicode handled-diacritic control	10636	0.2159116119146347	25
l26_seed_023	Unicode handled-diacritic control	10129	0.2151050567626953	26
l26_seed_023	Unicode handled-diacritic control	25337	0.20609530806541443	27
l26_seed_023	Unicode handled-diacritic control	9197	0.1976744383573532	28
l26_seed_023	Unicode handled-diacritic control	2358	0.19246602058410645	29
l26_seed_023	Unicode handled-diacritic control	29170	0.19067057967185974	30
l26_seed_023	Unicode handled-diacritic control	18449	0.18732990324497223	31
l26_seed_023	Unicode handled-diacritic control	11816	0.18689781427383423	32
l26_seed_023	Unicode handled-diacritic control	16417	0.18550600111484528	33
l26_seed_023	Unicode handled-diacritic control	14505	0.1841011792421341	34
l26_seed_023	Unicode handled-diacritic control	15605	0.1794893741607666	35
l26_seed_023	Unicode handled-diacritic control	15349	0.1791388988494873	36
l26_seed_023	Unicode handled-diacritic control	12689	0.17520172894001007	37
l26_seed_023	Unicode handled-diacritic control	31865	0.17083336412906647	38
l26_seed_023	Unicode handled-diacritic control	15651	0.16714979708194733	39
l26_seed_023	Unicode handled-diacritic control	25850	0.16303381323814392	40
l26_seed_023	Unicode handled-diacritic control	30722	0.1611320525407791	41
l26_seed_023	Unicode handled-diacritic control	13671	0.16048873960971832	42
l26_seed_023	Unicode handled-diacritic control	29848	0.15549761056900024	43
l26_seed_023	Unicode handled-diacritic control	317	0.15331798791885376	44
l26_seed_023	Unicode handled-diacritic control	13614	0.15259790420532227	45
l26_seed_023	Unicode handled-diacritic control	22514	0.15207527577877045	46
l26_seed_023	Unicode handled-diacritic control	5598	0.14863574504852295	47
l26_seed_023	Unicode handled-diacritic control	25675	0.14261285960674286	48
l26_seed_023	Unicode handled-diacritic control	18886	0.14192363619804382	49
l26_seed_023	Unicode handled-diacritic control	4511	0.1413874328136444	50
l26_seed_024	translation/language	2938	1.8145790100097656	1
l26_seed_024	translation/language	5417	0.874045729637146	2
l26_seed_024	translation/language	18937	0.6493518352508545	3
l26_seed_024	translation/language	14727	0.5236075520515442	4
l26_seed_024	translation/language	19826	0.48728227615356445	5
l26_seed_024	translation/language	1626	0.4644283056259155	6
l26_seed_024	translation/language	23797	0.40387919545173645	7
l26_seed_024	translation/language	20982	0.3459938168525696	8
l26_seed_024	translation/language	10059	0.32354024052619934	9
l26_seed_024	translation/language	30093	0.3161483407020569	10
l26_seed_024	translation/language	2623	0.26805222034454346	11
l26_seed_024	translation/language	22013	0.25243881344795227	12
l26_seed_024	translation/language	7163	0.2495860755443573	13
l26_seed_024	translation/language	3699	0.24677851796150208	14
l26_seed_024	translation/language	13441	0.24121254682540894	15
l26_seed_024	translation/language	3056	0.2354760468006134	16
l26_seed_024	translation/language	32526	0.2334020733833313	17
l26_seed_024	translation/language	2784	0.23237267136573792	18
l26_seed_024	translation/language	14653	0.23192885518074036	19
l26_seed_024	translation/language	124	0.2259439080953598	20
l26_seed_024	translation/language	12192	0.2140500843524933	21
l26_seed_024	translation/language	6976	0.20481036603450775	22
l26_seed_024	translation/language	21620	0.20090149343013763	23
l26_seed_024	translation/language	19554	0.20002862811088562	24
l26_seed_024	translation/language	23719	0.1983678638935089	25
l26_seed_024	translation/language	6695	0.1979263573884964	26
l26_seed_024	translation/language	28724	0.19609467685222626	27
l26_seed_024	translation/language	19440	0.18897545337677002	28
l26_seed_024	translation/language	15605	0.18397754430770874	29
l26_seed_024	translation/language	23233	0.1767859309911728	30
l26_seed_024	translation/language	8796	0.17590390145778656	31
l26_seed_024	translation/language	23492	0.17496390640735626	32
l26_seed_024	translation/language	8356	0.17097696661949158	33
l26_seed_024	translation/language	9234	0.16549301147460938	34
l26_seed_024	translation/language	11530	0.16338172554969788	35
l26_seed_024	translation/language	14244	0.1584727168083191	36
l26_seed_024	translation/language	1840	0.15504834055900574	37
l26_seed_024	translation/language	19325	0.15363892912864685	38
l26_seed_024	translation/language	1761	0.15075087547302246	39
l26_seed_024	translation/language	22780	0.15026186406612396	40
l26_seed_024	translation/language	22514	0.149018794298172	41
l26_seed_024	translation/language	18198	0.14767754077911377	42
l26_seed_024	translation/language	7619	0.14707955718040466	43
l26_seed_024	translation/language	28713	0.14702466130256653	44
l26_seed_024	translation/language	16987	0.14663943648338318	45
l26_seed_024	translation/language	8666	0.14657767117023468	46
l26_seed_024	translation/language	21231	0.14163929224014282	47
l26_seed_024	translation/language	16092	0.13978584110736847	48
l26_seed_024	translation/language	26518	0.13869524002075195	49
l26_seed_024	translation/language	10843	0.13634388148784637	50
l26_seed_025	translation/language	2938	1.27980375289917	1
l26_seed_025	translation/language	5417	0.8565553426742554	2
l26_seed_025	translation/language	18937	0.7257999181747437	3
l26_seed_025	translation/language	19826	0.7112239003181458	4
l26_seed_025	translation/language	14727	0.6033526062965393	5
l26_seed_025	translation/language	30093	0.5751886367797852	6
l26_seed_025	translation/language	32692	0.5355145335197449	7
l26_seed_025	translation/language	16661	0.5220731496810913	8
l26_seed_025	translation/language	21231	0.39674365520477295	9
l26_seed_025	translation/language	19185	0.38923531770706177	10
l26_seed_025	translation/language	32307	0.37276357412338257	11
l26_seed_025	translation/language	30268	0.3671118915081024	12
l26_seed_025	translation/language	28138	0.3450847566127777	13
l26_seed_025	translation/language	15363	0.30943503975868225	14
l26_seed_025	translation/language	10066	0.30156418681144714	15
l26_seed_025	translation/language	13441	0.29748496413230896	16
l26_seed_025	translation/language	6478	0.29404640197753906	17
l26_seed_025	translation/language	8295	0.27101820707321167	18
l26_seed_025	translation/language	9197	0.26715320348739624	19
l26_seed_025	translation/language	15338	0.26377367973327637	20
l26_seed_025	translation/language	6061	0.25238683819770813	21
l26_seed_025	translation/language	27817	0.25039902329444885	22
l26_seed_025	translation/language	2025	0.24896040558815002	23
l26_seed_025	translation/language	28724	0.22218580543994904	24
l26_seed_025	translation/language	21620	0.22215993702411652	25
l26_seed_025	translation/language	18886	0.22186942398548126	26
l26_seed_025	translation/language	6738	0.2211715281009674	27
l26_seed_025	translation/language	12192	0.2184196412563324	28
l26_seed_025	translation/language	21190	0.21518947184085846	29
l26_seed_025	translation/language	9467	0.21459415555000305	30
l26_seed_025	translation/language	25223	0.21000784635543823	31
l26_seed_025	translation/language	23492	0.20754888653755188	32
l26_seed_025	translation/language	17681	0.2030659317970276	33
l26_seed_025	translation/language	25801	0.20271441340446472	34
l26_seed_025	translation/language	14614	0.19809027016162872	35
l26_seed_025	translation/language	19883	0.19739356637001038	36
l26_seed_025	translation/language	2523	0.19431042671203613	37
l26_seed_025	translation/language	13637	0.19302335381507874	38
l26_seed_025	translation/language	11008	0.19031867384910583	39
l26_seed_025	translation/language	18889	0.18751558661460876	40
l26_seed_025	translation/language	16092	0.187088742852211	41
l26_seed_025	translation/language	3829	0.18600213527679443	42
l26_seed_025	translation/language	28713	0.185970738530159	43
l26_seed_025	translation/language	14500	0.18532231450080872	44
l26_seed_025	translation/language	24999	0.1838924139738083	45
l26_seed_025	translation/language	23954	0.18377602100372314	46
l26_seed_025	translation/language	25451	0.17722046375274658	47
l26_seed_025	translation/language	12083	0.1768050193786621	48
l26_seed_025	translation/language	10059	0.1753111630678177	49
l26_seed_025	translation/language	16145	0.17445051670074463	50
l26_seed_026	refusal/denial wording	2938	2.0946149826049805	1
l26_seed_026	refusal/denial wording	5417	0.7651139497756958	2
l26_seed_026	refusal/denial wording	18937	0.7061673402786255	3
l26_seed_026	refusal/denial wording	16661	0.5758762359619141	4
l26_seed_026	refusal/denial wording	7163	0.5330033302307129	5
l26_seed_026	refusal/denial wording	23797	0.5279814004898071	6
l26_seed_026	refusal/denial wording	18198	0.5121307969093323	7
l26_seed_026	refusal/denial wording	19826	0.4845815598964691	8
l26_seed_026	refusal/denial wording	14727	0.31203895807266235	9
l26_seed_026	refusal/denial wording	9728	0.29423773288726807	10
l26_seed_026	refusal/denial wording	5556	0.2866201400756836	11
l26_seed_026	refusal/denial wording	5593	0.2585010230541229	12
l26_seed_026	refusal/denial wording	12676	0.255013108253479	13
l26_seed_026	refusal/denial wording	18546	0.2546865940093994	14
l26_seed_026	refusal/denial wording	30911	0.25200873613357544	15
l26_seed_026	refusal/denial wording	6625	0.23766973614692688	16
l26_seed_026	refusal/denial wording	7448	0.236708402633667	17
l26_seed_026	refusal/denial wording	1539	0.23337510228157043	18
l26_seed_026	refusal/denial wording	28713	0.22321318089962006	19
l26_seed_026	refusal/denial wording	19668	0.21942853927612305	20
l26_seed_026	refusal/denial wording	6695	0.20619012415409088	21
l26_seed_026	refusal/denial wording	1626	0.2014513462781906	22
l26_seed_026	refusal/denial wording	17656	0.20132383704185486	23
l26_seed_026	refusal/denial wording	22013	0.19720721244812012	24
l26_seed_026	refusal/denial wording	7619	0.18789909780025482	25
l26_seed_026	refusal/denial wording	1024	0.18608346581459045	26
l26_seed_026	refusal/denial wording	10916	0.18289774656295776	27
l26_seed_026	refusal/denial wording	30171	0.18063905835151672	28
l26_seed_026	refusal/denial wording	10265	0.17467036843299866	29
l26_seed_026	refusal/denial wording	26154	0.17052310705184937	30
l26_seed_026	refusal/denial wording	9004	0.1701233834028244	31
l26_seed_026	refusal/denial wording	13212	0.16691549122333527	32
l26_seed_026	refusal/denial wording	8356	0.16619472205638885	33
l26_seed_026	refusal/denial wording	21534	0.16510990262031555	34
l26_seed_026	refusal/denial wording	12088	0.1597980558872223	35
l26_seed_026	refusal/denial wording	19768	0.15973028540611267	36
l26_seed_026	refusal/denial wording	25495	0.15488506853580475	37
l26_seed_026	refusal/denial wording	26216	0.15482455492019653	38
l26_seed_026	refusal/denial wording	11173	0.15472818911075592	39
l26_seed_026	refusal/denial wording	18224	0.15388788282871246	40
l26_seed_026	refusal/denial wording	20295	0.15171991288661957	41
l26_seed_026	refusal/denial wording	29516	0.15004102885723114	42
l26_seed_026	refusal/denial wording	29468	0.1457168459892273	43
l26_seed_026	refusal/denial wording	19726	0.14526672661304474	44
l26_seed_026	refusal/denial wording	13614	0.14275944232940674	45
l26_seed_026	refusal/denial wording	9680	0.14072249829769135	46
l26_seed_026	refusal/denial wording	3361	0.13574635982513428	47
l26_seed_026	refusal/denial wording	720	0.1344437450170517	48
l26_seed_026	refusal/denial wording	17374	0.13282263278961182	49
l26_seed_026	refusal/denial wording	11447	0.12702175974845886	50
l26_seed_027	refusal/denial wording	2938	1.0526065826416016	1
l26_seed_027	refusal/denial wording	5417	0.9509487152099609	2
l26_seed_027	refusal/denial wording	16661	0.8023361563682556	3
l26_seed_027	refusal/denial wording	18937	0.7958112955093384	4
l26_seed_027	refusal/denial wording	27541	0.7021064162254333	5
l26_seed_027	refusal/denial wording	18198	0.6493495106697083	6
l26_seed_027	refusal/denial wording	7163	0.631070613861084	7
l26_seed_027	refusal/denial wording	19826	0.6152727007865906	8
l26_seed_027	refusal/denial wording	16787	0.4957319498062134	9
l26_seed_027	refusal/denial wording	9728	0.41784465312957764	10
l26_seed_027	refusal/denial wording	23797	0.4072711765766144	11
l26_seed_027	refusal/denial wording	28713	0.3648318648338318	12
l26_seed_027	refusal/denial wording	19281	0.3512439727783203	13
l26_seed_027	refusal/denial wording	30903	0.30192723870277405	14
l26_seed_027	refusal/denial wording	18224	0.28621482849121094	15
l26_seed_027	refusal/denial wording	14727	0.2751869559288025	16
l26_seed_027	refusal/denial wording	11241	0.2731415629386902	17
l26_seed_027	refusal/denial wording	19387	0.2725522220134735	18
l26_seed_027	refusal/denial wording	14025	0.272264301776886	19
l26_seed_027	refusal/denial wording	17656	0.2673315107822418	20
l26_seed_027	refusal/denial wording	10636	0.2671857476234436	21
l26_seed_027	refusal/denial wording	18415	0.2610320448875427	22
l26_seed_027	refusal/denial wording	10066	0.2552100718021393	23
l26_seed_027	refusal/denial wording	9030	0.2506715655326843	24
l26_seed_027	refusal/denial wording	7619	0.2454131692647934	25
l26_seed_027	refusal/denial wording	29468	0.24284924566745758	26
l26_seed_027	refusal/denial wording	31999	0.24218244850635529	27
l26_seed_027	refusal/denial wording	15501	0.23939353227615356	28
l26_seed_027	refusal/denial wording	18546	0.23833067715168	29
l26_seed_027	refusal/denial wording	14485	0.2360708862543106	30
l26_seed_027	refusal/denial wording	26154	0.23195098340511322	31
l26_seed_027	refusal/denial wording	7625	0.22378413379192352	32
l26_seed_027	refusal/denial wording	18030	0.22225189208984375	33
l26_seed_027	refusal/denial wording	10129	0.22025752067565918	34
l26_seed_027	refusal/denial wording	25325	0.21293124556541443	35
l26_seed_027	refusal/denial wording	8581	0.20647722482681274	36
l26_seed_027	refusal/denial wording	22831	0.20350946485996246	37
l26_seed_027	refusal/denial wording	23376	0.20312395691871643	38
l26_seed_027	refusal/denial wording	12088	0.19868989288806915	39
l26_seed_027	refusal/denial wording	2784	0.1965104043483734	40
l26_seed_027	refusal/denial wording	7448	0.18884341418743134	41
l26_seed_027	refusal/denial wording	11683	0.18792127072811127	42
l26_seed_027	refusal/denial wording	6884	0.18580737709999084	43
l26_seed_027	refusal/denial wording	22429	0.18435733020305634	44
l26_seed_027	refusal/denial wording	19726	0.1784873604774475	45
l26_seed_027	refusal/denial wording	21534	0.17798183858394623	46
l26_seed_027	refusal/denial wording	9004	0.1757124811410904	47
l26_seed_027	refusal/denial wording	22013	0.17543460428714752	48
l26_seed_027	refusal/denial wording	24754	0.1723799705505371	49
l26_seed_027	refusal/denial wording	29890	0.1715240478515625	50
l26_seed_028	refusal/denial wording	5417	1.6210253238677979	1
l26_seed_028	refusal/denial wording	18937	1.1477621793746948	2
l26_seed_028	refusal/denial wording	2938	1.047715187072754	3
l26_seed_028	refusal/denial wording	19826	0.7027397751808167	4
l26_seed_028	refusal/denial wording	14727	0.447421669960022	5
l26_seed_028	refusal/denial wording	5556	0.4466933012008667	6
l26_seed_028	refusal/denial wording	21534	0.42206287384033203	7
l26_seed_028	refusal/denial wording	25325	0.4054397642612457	8
l26_seed_028	refusal/denial wording	22013	0.4043351411819458	9
l26_seed_028	refusal/denial wording	28713	0.36285728216171265	10
l26_seed_028	refusal/denial wording	7349	0.3484356999397278	11
l26_seed_028	refusal/denial wording	19368	0.34395831823349	12
l26_seed_028	refusal/denial wording	23797	0.3277318477630615	13
l26_seed_028	refusal/denial wording	25721	0.31130918860435486	14
l26_seed_028	refusal/denial wording	14982	0.28671905398368835	15
l26_seed_028	refusal/denial wording	4046	0.2815389037132263	16
l26_seed_028	refusal/denial wording	29516	0.27971237897872925	17
l26_seed_028	refusal/denial wording	23719	0.27493149042129517	18
l26_seed_028	refusal/denial wording	7619	0.27441322803497314	19
l26_seed_028	refusal/denial wording	2223	0.2632789611816406	20
l26_seed_028	refusal/denial wording	1626	0.2538265883922577	21
l26_seed_028	refusal/denial wording	29889	0.2437342405319214	22
l26_seed_028	refusal/denial wording	27423	0.233697310090065	23
l26_seed_028	refusal/denial wording	9784	0.22834591567516327	24
l26_seed_028	refusal/denial wording	31369	0.22541669011116028	25
l26_seed_028	refusal/denial wording	26170	0.2243233323097229	26
l26_seed_028	refusal/denial wording	19533	0.21662351489067078	27
l26_seed_028	refusal/denial wording	32417	0.2111918181180954	28
l26_seed_028	refusal/denial wording	32488	0.2099827527999878	29
l26_seed_028	refusal/denial wording	27282	0.20736418664455414	30
l26_seed_028	refusal/denial wording	5116	0.20595096051692963	31
l26_seed_028	refusal/denial wording	30541	0.2003888338804245	32
l26_seed_028	refusal/denial wording	3661	0.2002829611301422	33
l26_seed_028	refusal/denial wording	8758	0.1940099149942398	34
l26_seed_028	refusal/denial wording	26867	0.19093099236488342	35
l26_seed_028	refusal/denial wording	6429	0.1904602348804474	36
l26_seed_028	refusal/denial wording	16609	0.18748798966407776	37
l26_seed_028	refusal/denial wording	14096	0.1830052137374878	38
l26_seed_028	refusal/denial wording	8920	0.18179267644882202	39
l26_seed_028	refusal/denial wording	31993	0.17595526576042175	40
l26_seed_028	refusal/denial wording	21746	0.17355981469154358	41
l26_seed_028	refusal/denial wording	6617	0.1689477562904358	42
l26_seed_028	refusal/denial wording	22338	0.1631004959344864	43
l26_seed_028	refusal/denial wording	27657	0.16254542768001556	44
l26_seed_028	refusal/denial wording	7163	0.16213130950927734	45
l26_seed_028	refusal/denial wording	8356	0.15433862805366516	46
l26_seed_028	refusal/denial wording	15293	0.1529458612203598	47
l26_seed_028	refusal/denial wording	75	0.151198148727417	48
l26_seed_028	refusal/denial wording	25575	0.14799338579177856	49
l26_seed_028	refusal/denial wording	23123	0.1471228152513504	50
l26_seed_029	calm relational wording	2938	1.8925387859344482	1
l26_seed_029	calm relational wording	18937	0.7416903972625732	2
l26_seed_029	calm relational wording	7163	0.6523386240005493	3
l26_seed_029	calm relational wording	20089	0.5343185663223267	4
l26_seed_029	calm relational wording	5417	0.4929893910884857	5
l26_seed_029	calm relational wording	19826	0.4412762224674225	6
l26_seed_029	calm relational wording	1626	0.38628441095352173	7
l26_seed_029	calm relational wording	19185	0.3841286897659302	8
l26_seed_029	calm relational wording	29586	0.36993417143821716	9
l26_seed_029	calm relational wording	14727	0.35694748163223267	10
l26_seed_029	calm relational wording	22013	0.33872759342193604	11
l26_seed_029	calm relational wording	19768	0.31658855080604553	12
l26_seed_029	calm relational wording	2993	0.30401813983917236	13
l26_seed_029	calm relational wording	6021	0.30350252985954285	14
l26_seed_029	calm relational wording	22780	0.2942380905151367	15
l26_seed_029	calm relational wording	18403	0.2936093509197235	16
l26_seed_029	calm relational wording	23797	0.28668761253356934	17
l26_seed_029	calm relational wording	17374	0.2745312750339508	18
l26_seed_029	calm relational wording	17656	0.2545686960220337	19
l26_seed_029	calm relational wording	20803	0.24990049004554749	20
l26_seed_029	calm relational wording	22686	0.24050310254096985	21
l26_seed_029	calm relational wording	19726	0.21895277500152588	22
l26_seed_029	calm relational wording	14578	0.21703654527664185	23
l26_seed_029	calm relational wording	1118	0.2093089371919632	24
l26_seed_029	calm relational wording	32526	0.2032017707824707	25
l26_seed_029	calm relational wording	21620	0.20170745253562927	26
l26_seed_029	calm relational wording	7619	0.19966723024845123	27
l26_seed_029	calm relational wording	25451	0.197353333234787	28
l26_seed_029	calm relational wording	2529	0.1972486972808838	29
l26_seed_029	calm relational wording	6593	0.1960616111755371	30
l26_seed_029	calm relational wording	15349	0.19499793648719788	31
l26_seed_029	calm relational wording	25721	0.1929246485233307	32
l26_seed_029	calm relational wording	10974	0.1887998729944229	33
l26_seed_029	calm relational wording	28955	0.18754005432128906	34
l26_seed_029	calm relational wording	16325	0.18498338758945465	35
l26_seed_029	calm relational wording	23123	0.18436318635940552	36
l26_seed_029	calm relational wording	2100	0.18314838409423828	37
l26_seed_029	calm relational wording	12734	0.18275833129882812	38
l26_seed_029	calm relational wording	8650	0.1800576001405716	39
l26_seed_029	calm relational wording	9004	0.17457795143127441	40
l26_seed_029	calm relational wording	8723	0.1728685051202774	41
l26_seed_029	calm relational wording	29329	0.172364741563797	42
l26_seed_029	calm relational wording	29380	0.1706676185131073	43
l26_seed_029	calm relational wording	30147	0.16989842057228088	44
l26_seed_029	calm relational wording	4068	0.16922754049301147	45
l26_seed_029	calm relational wording	10764	0.1689925342798233	46
l26_seed_029	calm relational wording	448	0.16875654458999634	47
l26_seed_029	calm relational wording	17445	0.16474801301956177	48
l26_seed_029	calm relational wording	18253	0.1607833206653595	49
l26_seed_029	calm relational wording	32650	0.1605798751115799	50
l26_seed_030	calm relational wording	2938	2.2208588123321533	1
l26_seed_030	calm relational wording	7163	0.8331106901168823	2
l26_seed_030	calm relational wording	5417	0.7588996887207031	3
l26_seed_030	calm relational wording	18937	0.6493933200836182	4
l26_seed_030	calm relational wording	18198	0.43124282360076904	5
l26_seed_030	calm relational wording	2946	0.40736910700798035	6
l26_seed_030	calm relational wording	29586	0.3894050121307373	7
l26_seed_030	calm relational wording	28955	0.3541303873062134	8
l26_seed_030	calm relational wording	19826	0.34862595796585083	9
l26_seed_030	calm relational wording	23123	0.33973023295402527	10
l26_seed_030	calm relational wording	17374	0.3389349579811096	11
l26_seed_030	calm relational wording	14727	0.29725342988967896	12
l26_seed_030	calm relational wording	22013	0.2961796522140503	13
l26_seed_030	calm relational wording	29170	0.2578237056732178	14
l26_seed_030	calm relational wording	1626	0.23872487246990204	15
l26_seed_030	calm relational wording	830	0.23648786544799805	16
l26_seed_030	calm relational wording	23797	0.23073327541351318	17
l26_seed_030	calm relational wording	6264	0.22238117456436157	18
l26_seed_030	calm relational wording	21534	0.22171534597873688	19
l26_seed_030	calm relational wording	7172	0.21517342329025269	20
l26_seed_030	calm relational wording	6593	0.2132464349269867	21
l26_seed_030	calm relational wording	720	0.20502537488937378	22
l26_seed_030	calm relational wording	4811	0.20141273736953735	23
l26_seed_030	calm relational wording	21769	0.1996801346540451	24
l26_seed_030	calm relational wording	12734	0.19616460800170898	25
l26_seed_030	calm relational wording	4539	0.1953316032886505	26
l26_seed_030	calm relational wording	30337	0.194285050034523	27
l26_seed_030	calm relational wording	12248	0.19071456789970398	28
l26_seed_030	calm relational wording	17656	0.18433481454849243	29
l26_seed_030	calm relational wording	15998	0.18229088187217712	30
l26_seed_030	calm relational wording	10854	0.17982217669487	31
l26_seed_030	calm relational wording	974	0.17981848120689392	32
l26_seed_030	calm relational wording	16661	0.17340242862701416	33
l26_seed_030	calm relational wording	11971	0.17110949754714966	34
l26_seed_030	calm relational wording	23233	0.166840061545372	35
l26_seed_030	calm relational wording	22514	0.16590769588947296	36
l26_seed_030	calm relational wording	21620	0.16201508045196533	37
l26_seed_030	calm relational wording	9004	0.1577799916267395	38
l26_seed_030	calm relational wording	18453	0.1552192121744156	39
l26_seed_030	calm relational wording	14479	0.15514421463012695	40
l26_seed_030	calm relational wording	28713	0.14885163307189941	41
l26_seed_030	calm relational wording	30911	0.1486845165491104	42
l26_seed_030	calm relational wording	23060	0.14750438928604126	43
l26_seed_030	calm relational wording	2223	0.14512048661708832	44
l26_seed_030	calm relational wording	12088	0.14270125329494476	45
l26_seed_030	calm relational wording	18403	0.14208292961120605	46
l26_seed_030	calm relational wording	16906	0.14164531230926514	47
l26_seed_030	calm relational wording	14653	0.13928475975990295	48
l26_seed_030	calm relational wording	26363	0.13894638419151306	49
l26_seed_030	calm relational wording	32152	0.13892100751399994	50
