.cache/huggingface/.gitignore	1
.cache/huggingface/CACHEDIR.TAG	191
.cache/huggingface/download/.gitattributes.metadata	101
.cache/huggingface/download/LICENSE.metadata	100
.cache/huggingface/download/README.md.metadata	101
.cache/huggingface/download/app.py.metadata	101
.cache/huggingface/download/config.json.metadata	100
.cache/huggingface/download/layer0.sae.pt.metadata	125
.cache/huggingface/download/layer1.sae.pt.metadata	124
.cache/huggingface/download/layer10.sae.pt.metadata	124
.cache/huggingface/download/layer11.sae.pt.metadata	124
.cache/huggingface/download/layer12.sae.pt.metadata	124
.cache/huggingface/download/layer13.sae.pt.metadata	125
.cache/huggingface/download/layer14.sae.pt.metadata	124
.cache/huggingface/download/layer15.sae.pt.metadata	125
.cache/huggingface/download/layer16.sae.pt.metadata	125
.cache/huggingface/download/layer17.sae.pt.metadata	125
.cache/huggingface/download/layer18.sae.pt.metadata	125
.cache/huggingface/download/layer19.sae.pt.metadata	125
.cache/huggingface/download/layer2.sae.pt.metadata	124
.cache/huggingface/download/layer20.sae.pt.metadata	125
.cache/huggingface/download/layer21.sae.pt.metadata	125
.cache/huggingface/download/layer22.sae.pt.metadata	125
.cache/huggingface/download/layer23.sae.pt.metadata	124
.cache/huggingface/download/layer24.sae.pt.metadata	125
.cache/huggingface/download/layer25.sae.pt.metadata	125
.cache/huggingface/download/layer26.sae.pt.metadata	125
.cache/huggingface/download/layer27.sae.pt.metadata	125
.cache/huggingface/download/layer28.sae.pt.metadata	125
.cache/huggingface/download/layer29.sae.pt.metadata	125
.cache/huggingface/download/layer3.sae.pt.metadata	125
.cache/huggingface/download/layer30.sae.pt.metadata	125
.cache/huggingface/download/layer31.sae.pt.metadata	124
.cache/huggingface/download/layer32.sae.pt.metadata	125
.cache/huggingface/download/layer33.sae.pt.metadata	124
.cache/huggingface/download/layer34.sae.pt.metadata	125
.cache/huggingface/download/layer35.sae.pt.metadata	124
.cache/huggingface/download/layer36.sae.pt.metadata	124
.cache/huggingface/download/layer37.sae.pt.metadata	125
.cache/huggingface/download/layer38.sae.pt.metadata	125
.cache/huggingface/download/layer39.sae.pt.metadata	124
.cache/huggingface/download/layer4.sae.pt.metadata	125
.cache/huggingface/download/layer5.sae.pt.metadata	125
.cache/huggingface/download/layer6.sae.pt.metadata	124
.cache/huggingface/download/layer7.sae.pt.metadata	125
.cache/huggingface/download/layer8.sae.pt.metadata	125
.cache/huggingface/download/layer9.sae.pt.metadata	125
.gitattributes	1519
LICENSE	11344
README.md	6548
app.py	85178
config.json	587
layer0.sae.pt	537012593
layer1.sae.pt	537012593
layer10.sae.pt	537012603
layer11.sae.pt	537012603
layer12.sae.pt	537012603
layer13.sae.pt	537012603
layer14.sae.pt	537012603
layer15.sae.pt	537012603
layer16.sae.pt	537012603
layer17.sae.pt	537012603
layer18.sae.pt	537012603
layer19.sae.pt	537012603
layer2.sae.pt	537012593
layer20.sae.pt	537012603
layer21.sae.pt	537012603
layer22.sae.pt	537012603
layer23.sae.pt	537012603
layer24.sae.pt	537012603
layer25.sae.pt	537012603
layer26.sae.pt	537012603
layer27.sae.pt	537012603
layer28.sae.pt	537012603
layer29.sae.pt	537012603
layer3.sae.pt	537012593
layer30.sae.pt	537012603
layer31.sae.pt	537012603
layer32.sae.pt	537012603
layer33.sae.pt	537012603
layer34.sae.pt	537012603
layer35.sae.pt	537012603
layer36.sae.pt	537012603
layer37.sae.pt	537012603
layer38.sae.pt	537012603
layer39.sae.pt	537012603
layer4.sae.pt	537012593
layer5.sae.pt	537012593
layer6.sae.pt	537012593
layer7.sae.pt	537012593
layer8.sae.pt	537012593
layer9.sae.pt	537012593
