source_path	size_bytes	sha256	timestamp_utc
/workspace/qwen-scope/5-11-26/logs/aggregate_full_controlled_perturbation_matrix_20260511.log	2912	cfb0a6700051d1b76ab2f57fd12b02fcd463a8e884663f53ab177ec5f864a891	2026-05-12T02:38:05Z
/workspace/qwen-scope/5-11-26/logs/full_controlled_perturbation_matrix_20260511.log	8119	7229facc96cc52bd6e2f51ef360f057e79920733f0bdbad08012092738eb9d25	2026-05-12T02:38:05Z
/workspace/qwen-scope/5-11-26/logs/layer26_candidate_locality_check_20260511.log	5824	61019204a1fa015c676a275cfa83ec2ad5fd5bc7f134a9f097e16a2c7f8780ad	2026-05-12T02:38:05Z
/workspace/qwen-scope/5-11-26/logs/layer26_feature_example_scan_20260511.log	7258	4002416f9f55bf6441363c4da2712f30f27e36e3b8b37fbcf6ded1efe536a594	2026-05-12T02:38:05Z
/workspace/qwen-scope/5-11-26/logs/layer26_matched_perturbation_control_20260511.log	5663	f2cd116a5a1fc11148418c03d462481d2504f42c61d3ab9b41de6e9da7e35198	2026-05-12T02:38:05Z
/workspace/qwen-scope/5-11-26/logs/setup_qwen_scope_workspace_2x96gb.log	33042	31b8dfc4f3291c6231afd60a93f13994a60e12944bfea410752ef98afb604884	2026-05-12T02:38:05Z
/workspace/qwen-scope/5-11-26/logs/setup_qwen_scope_workspace_2x96gb.nohup.log	473	ada56d638a67d3bb186d709795723451fcb0e55dd438c937c3bdac6e2263be16	2026-05-12T02:38:05Z
/workspace/qwen-scope/5-11-26/logs/setup_qwen_scope_workspace_2x96gb.rerun.nohup.log	473	ec1228385553b93d88aecbfe8db07112d2110e1f685ca0bdab0c54c2f8d8226c	2026-05-12T02:38:05Z
/workspace/qwen-scope/5-11-26/logs/setup_qwen_scope_workspace_2x96gb.rerun2.nohup.log	32096	c45f5420455f346af9942e49417c104865ed6016791fc620ff62572649365f11	2026-05-12T02:38:05Z
/workspace/qwen-scope/5-11-26/manifests/base_model_file_manifest.tsv	3264	18529360b34ddc0599726aee58ccc01b538d38df53c6bda64ee54fb3a33ed764	2026-05-12T02:38:05Z
/workspace/qwen-scope/5-11-26/manifests/base_model_hf_repo_files.txt	819	75a0b02a3f6e1e3e96a39210d7158d55719e77818e39724308228c9deebfd1e1	2026-05-12T02:38:05Z
/workspace/qwen-scope/5-11-26/manifests/base_model_sha256_small_files.txt	6707	4981e5c7b13fc66da03291a9aa48d783e4f5228cf0e9b8869c11cc91a949c5db	2026-05-12T02:38:05Z
/workspace/qwen-scope/5-11-26/manifests/sae_file_manifest.tsv	4094	a27f51ac90099836410341464894099f1e2f6944342eb0110fbaa1f2035492ec	2026-05-12T02:38:05Z
/workspace/qwen-scope/5-11-26/manifests/sae_find_layout.txt	1466	e032d31b53c1b7261f9f67ee733966da1caba9fc4ae564e666978e919a055dda	2026-05-12T02:38:05Z
/workspace/qwen-scope/5-11-26/manifests/sae_hf_repo_files.txt	630	27d53cd2901fcd2badc1883b0c36a4fd45bed7057535ea9db80a0f3e4c49a545	2026-05-12T02:38:05Z
/workspace/qwen-scope/5-11-26/manifests/sae_sha256_small_files.txt	9410	4eb0effc7c7484a644b75be37bb343396d84fc2ae2c31cfa8061e29aac771873	2026-05-12T02:38:05Z
/workspace/qwen-scope/5-11-26/manifests/workspace_manifest.md	936	b816a5adde88b98430e6fe23934db351539f80d724454899993d5610f1d98c5b	2026-05-12T02:38:05Z
/workspace/qwen-scope/5-11-26/prompts/full_controlled_perturbation_matrix.tsv	16253	a3c8f99d722386e4ecfbb834b1c18d9f14850d053f1ff7ba676a8d0318d1ef45	2026-05-12T02:38:05Z
/workspace/qwen-scope/5-11-26/prompts/layer26_candidate_locality_prompts.tsv	4865	ba1572a2fd0f6bb2701b08ad171596f0c1c1262333d6a55c0fa4d68c7ad7d307	2026-05-12T02:38:05Z
/workspace/qwen-scope/5-11-26/prompts/layer26_feature_seed_bank.tsv	2160	caf46936aae21e6083903d704d5ba63fce7d1b01b24288dc759cb5cc778c45bb	2026-05-12T02:38:05Z
/workspace/qwen-scope/5-11-26/prompts/layer26_matched_perturbation_prompts.tsv	4562	1d699d3604f9bb68bd69f081e65ae94892bf534bb6855dc34e0209f417337bb6	2026-05-12T02:38:05Z
/workspace/qwen-scope/5-11-26/provenance/active_2x96gb_teardown_archive_manifest_20260512.tsv	3524	195e90dba7cc58d5a2fc0699d35fd13cd39e04bae1de2bc3545ffe445b0d7231	2026-05-12T02:38:05Z
/workspace/qwen-scope/5-11-26/provenance/download_completion_manifest_2x96gb.txt	491	66addb19a24baea86f22546d17ac22f4aed0b1980a1953ca0ebdea3006de9581	2026-05-12T02:38:06Z
/workspace/qwen-scope/5-11-26/provenance/feature_label_pilot_20260511.txt	864	493f96427a29092ca456d9474d649e429ee26ffa61ef1d284540dc3d9d699b8d	2026-05-12T02:38:06Z
/workspace/qwen-scope/5-11-26/provenance/feature_label_priority_summary_20260511.txt	961	a528267bcc319d089bee83f14670beda0632dae68452386c38175539a266ac80	2026-05-12T02:38:06Z
/workspace/qwen-scope/5-11-26/provenance/final_migration_verification_2x96gb_20260511.txt	3104	1c0329c7a9ea08253e9ccf58c696b7556c0cc90110937b8a92b667c4fe99f07f	2026-05-12T02:38:06Z
/workspace/qwen-scope/5-11-26/provenance/full_controlled_perturbation_matrix_20260511.txt	2027	00fbb40bed9f52f128ac9233155a9cc0cb80c9e9deaefab71eab2ca42650fcbd	2026-05-12T02:38:06Z
/workspace/qwen-scope/5-11-26/provenance/full_controlled_perturbation_matrix_aggregates_20260511.txt	3386	e81afba4bdfe73b5961c6af15df576a4c1bde1d1718f3b621e9996c8b182517d	2026-05-12T02:38:06Z
/workspace/qwen-scope/5-11-26/provenance/instance_migration_2x96gb_20260511.txt	1017	eee19191b060506f19eba4d35bd5431810c25ca313593a08498766ad07c57e7c	2026-05-12T02:38:06Z
/workspace/qwen-scope/5-11-26/provenance/layer26_candidate_locality_check_20260511.txt	1395	e73ebf48691de8b7b2b328106d5effcc69d70f30daff17579950b46f9b9aa77e	2026-05-12T02:38:06Z
/workspace/qwen-scope/5-11-26/provenance/layer26_feature_example_scan_20260511.txt	1169	59a466644c1748accde32ee0b1194ad852423ed68b426a343ead857b7ebbbb65	2026-05-12T02:38:06Z
/workspace/qwen-scope/5-11-26/provenance/layer26_matched_perturbation_control_20260511.txt	1493	db43e48f8ee32d21505fe8753e34d2ea62dc1cf7f556ffde777382d6558f745f	2026-05-12T02:38:06Z
/workspace/qwen-scope/5-11-26/provenance/old_2x5090_destroyed_20260511.txt	449	f33d0b336868c7b55b759de970faa46adc32c04dc0c140b5f398db08c6e23dc4	2026-05-12T02:38:06Z
/workspace/qwen-scope/5-11-26/provenance/pip_freeze_2x96gb.txt	1178	7c1a4385b8b15069115bce99aab42183c113e2bc2fd2a32b8323bd8f9b9534ed	2026-05-12T02:38:06Z
/workspace/qwen-scope/5-11-26/provenance/python_environment_snapshot_final_2x96gb.txt	703	24ec609682c018236dc97cc9c8dd4c10acdfb1d1f1c2b75f719f42ab18a0835b	2026-05-12T02:38:06Z
/workspace/qwen-scope/5-11-26/provenance/python_environment_snapshot_initial_2x96gb.txt	703	24ec609682c018236dc97cc9c8dd4c10acdfb1d1f1c2b75f719f42ab18a0835b	2026-05-12T02:38:06Z
/workspace/qwen-scope/5-11-26/provenance/setup_2x96gb.pid	4	e4fbd87a132e5570b32005c2c1e553bdaf16393dde4e58d53e9a0740c291c2c0	2026-05-12T02:38:06Z
/workspace/qwen-scope/5-11-26/provenance/setup_2x96gb_failed_missing_venv_20260511.log	473	ada56d638a67d3bb186d709795723451fcb0e55dd438c937c3bdac6e2263be16	2026-05-12T02:38:06Z
/workspace/qwen-scope/5-11-26/provenance/setup_2x96gb_failed_missing_venv_attempts_20260511.log	946	b344971f90e0e6d615a6d9ef0a0e8c77ca8b1650bc5ddf1c95691e1d2aa4b716	2026-05-12T02:38:06Z
/workspace/qwen-scope/5-11-26/provenance/smoke_two_prompt_topk50_delta_2x96gb_20260511.txt	8418	1f216974f02e16c0f2ae4451e22cf6a862fde654ef304e343496b6b122c72172	2026-05-12T02:38:06Z
/workspace/qwen-scope/5-11-26/provenance/status_check_after_setup_2x96gb.txt	579	ad509ff8d20438f88863b5721d0f9cadc17f372a23001e233dc7caa1b3e56c94	2026-05-12T02:38:06Z
/workspace/qwen-scope/5-11-26/sae_outputs/feature_label_pilot/feature_label_pilot_evidence.tsv	4798	4bffcb6421272ebfd1184a548fa6298759607975463a68d275a972b940dbefda	2026-05-12T02:38:06Z
/workspace/qwen-scope/5-11-26/sae_outputs/feature_label_pilot/feature_label_pilot_notes.md	2629	0a7621499d82fb973aa5bc628fa07bd5bb99c907f90426401416e7c43268dfeb	2026-05-12T02:38:06Z
/workspace/qwen-scope/5-11-26/sae_outputs/feature_label_pilot/feature_label_priority_summary.md	2823	aa15309bbfeb901c793a312c4b7389b7fe0ccf6dc255e651da7080365c27349a	2026-05-12T02:38:06Z
/workspace/qwen-scope/5-11-26/sae_outputs/feature_label_pilot/feature_label_priority_summary.tsv	2699	2b287481b503c18450df45abbed80ade73f6b435ff8f84af2da1f20fe425cbf8	2026-05-12T02:38:06Z
/workspace/qwen-scope/5-11-26/sae_outputs/full_controlled_perturbation_matrix/aggregates/aggregate_manifest.json	3608	f83f391b62f5d134cf789ba021a6520e50f5229edaa6f9d910e571449855c22a	2026-05-12T02:38:06Z
/workspace/qwen-scope/5-11-26/sae_outputs/full_controlled_perturbation_matrix/aggregates/feature_recurrence_by_family.tsv	361002	3f0726a9f8a9f7bad34c0b7fe81b32f9acab115245f58d259829bf4b845f44a0	2026-05-12T02:38:06Z
/workspace/qwen-scope/5-11-26/sae_outputs/full_controlled_perturbation_matrix/aggregates/layer26_ascii_vs_handled_distinguishing_features.tsv	190765	442b8ff534d3e61d7e16386e12cb1fcf50d8222c4ebce34adf95dd08fa5fc2f0	2026-05-12T02:38:06Z
/workspace/qwen-scope/5-11-26/sae_outputs/full_controlled_perturbation_matrix/aggregates/perturbation_rank_by_layer_position.tsv	9739	131b105711d8158df1d14ee7042d5c8eb0f6747411fe379e8eda289b91fe7bb7	2026-05-12T02:38:06Z
/workspace/qwen-scope/5-11-26/sae_outputs/full_controlled_perturbation_matrix/aggregates/perturbation_rank_overall_by_layer.tsv	1458	ed83787e1c8f7ea6824c3dbfd9ad86fcf91ce79ba132f508eac6234c3dc4fa0c	2026-05-12T02:38:06Z
/workspace/qwen-scope/5-11-26/sae_outputs/full_controlled_perturbation_matrix/aggregates/plots/plot_jaccard_distance_by_perturbation_layer.png	83670	b159833940b80dbe1c21132f1dfd2848255cf64e02dbedfa10ce555f0e3866b1	2026-05-12T02:38:06Z
/workspace/qwen-scope/5-11-26/sae_outputs/full_controlled_perturbation_matrix/aggregates/plots/plot_jaccard_distance_heatmap_layer14.png	100005	af0b00a17c1011b78358e989f215434e0ad2e5778b919f2d20710db0ea68a1e2	2026-05-12T02:38:06Z
/workspace/qwen-scope/5-11-26/sae_outputs/full_controlled_perturbation_matrix/aggregates/plots/plot_jaccard_distance_heatmap_layer26.png	101828	ade82cdb2252fec7bb3f31ecc9dbcffcf8a23eb6430933cc55f21755b3fd8e73	2026-05-12T02:38:06Z
/workspace/qwen-scope/5-11-26/sae_outputs/full_controlled_perturbation_matrix/aggregates/plots/plot_mean_abs_delta_by_perturbation_layer.png	77112	bdc3650c75d13fddc4be421cfe66b147a63c93fb23bee785f12f45f8018f0040	2026-05-12T02:38:06Z
/workspace/qwen-scope/5-11-26/sae_outputs/full_controlled_perturbation_matrix/aggregates/plots/plot_mean_abs_delta_heatmap_layer14.png	99302	f6fb384104d30e688a51576a7cfab3eab6a81628236443ef272c4546170167ff	2026-05-12T02:38:06Z
/workspace/qwen-scope/5-11-26/sae_outputs/full_controlled_perturbation_matrix/aggregates/plots/plot_mean_abs_delta_heatmap_layer26.png	94429	7f0fc666b58dca27650dfe6d9d88bc672a22db06d2759035126a8190fa7a0eaa	2026-05-12T02:38:06Z
/workspace/qwen-scope/5-11-26/sae_outputs/full_controlled_perturbation_matrix/aggregates/plots/plot_top_recurrent_features_layer14.png	78767	cac05c1a8e33e481d883703c954ba9456ee311e1f83135505af1eee231bac94b	2026-05-12T02:38:06Z
/workspace/qwen-scope/5-11-26/sae_outputs/full_controlled_perturbation_matrix/aggregates/plots/plot_top_recurrent_features_layer26.png	82015	f89fe508a23f588cf5e81e072b30363fc9a8f885b7c1469202a9fa1a3cdc8484	2026-05-12T02:38:06Z
/workspace/qwen-scope/5-11-26/sae_outputs/full_controlled_perturbation_matrix/aggregates/plots/plot_tracked_layer26_hit_counts.png	79902	dc346b0f514c9509a4f00ff31196f058ec4ca8711760d3f3660d59dc5641720d	2026-05-12T02:38:06Z
/workspace/qwen-scope/5-11-26/sae_outputs/full_controlled_perturbation_matrix/aggregates/results_memo.md	9331	c7b605f8e32690ad13fbff057d555c9ea28f985f3b167085bfdd791aebe83448	2026-05-12T02:38:06Z
/workspace/qwen-scope/5-11-26/sae_outputs/full_controlled_perturbation_matrix/aggregates/tracked_layer26_hit_counts.tsv	55788	60cb660f771f67554c24f984686e613a49d27ccfd7f385919489c49e478ef95e	2026-05-12T02:38:06Z
/workspace/qwen-scope/5-11-26/sae_outputs/full_controlled_perturbation_matrix/full_controlled_perturbation_matrix_metadata.json	997903	908892164d4cd223e92bc7c39a05c466ae1ae32cf97895d5ed701a74e790b7e2	2026-05-12T02:38:06Z
/workspace/qwen-scope/5-11-26/sae_outputs/full_controlled_perturbation_matrix/full_controlled_perturbation_matrix_summary.md	5496	fa26d47dbeff93a4a274ecc712eff782346ce5062988a71ec791e24008204ecd	2026-05-12T02:38:06Z
/workspace/qwen-scope/5-11-26/sae_outputs/full_controlled_perturbation_matrix/generated_text_by_prompt.tsv	4853	158de787769b86ddaf6294087717edd0fd159bd42569d213d7fbeea33dc3c820	2026-05-12T02:38:06Z
/workspace/qwen-scope/5-11-26/sae_outputs/full_controlled_perturbation_matrix/perturbation_delta_vs_ascii.tsv	2638576	37913cd2a995f6e435ba83fb368b565936d95e29013b13dcfa8bf607987a57be	2026-05-12T02:38:06Z
/workspace/qwen-scope/5-11-26/sae_outputs/full_controlled_perturbation_matrix/topk_features_by_prompt_layer_position.tsv	1908634	5f90ceeabf1cebf97dfa678844a31ed53c8adfe64eb015e37088843119f199fa	2026-05-12T02:38:06Z
/workspace/qwen-scope/5-11-26/sae_outputs/full_controlled_perturbation_matrix/topk_jaccard_vs_ascii.tsv	36718	a81e9ddceee2f206af7a94eee591914c698ee7e4f40b5ae2ba97dace3179ce0a	2026-05-12T02:38:06Z
/workspace/qwen-scope/5-11-26/sae_outputs/full_controlled_perturbation_matrix/tracked_layer26_feature_hits.tsv	82778	7c3efd2b25c73b299d3a3b36806a7abce20334bbfe9e0b1b26384a8e209cab5e	2026-05-12T02:38:06Z
/workspace/qwen-scope/5-11-26/sae_outputs/layer26_candidate_locality_check/generated_text_by_prompt.tsv	5273	f4d99a88706959e76480e72e5a535dd5f6c28906b3ed8e2ad75734a5682a418e	2026-05-12T02:38:06Z
/workspace/qwen-scope/5-11-26/sae_outputs/layer26_candidate_locality_check/layer26_candidate_locality_metadata.json	187196	0553e19d1d18ceac011331182a41698f1ebb2de2bdf009f15fb0c91bdb0138a5	2026-05-12T02:38:06Z
/workspace/qwen-scope/5-11-26/sae_outputs/layer26_candidate_locality_check/layer26_candidate_locality_summary.md	3142	adbab9c05e112915dfd44dfd1325e20eb0349447f5780488c942b07e36dfda97	2026-05-12T02:38:06Z
/workspace/qwen-scope/5-11-26/sae_outputs/layer26_candidate_locality_check/topk_features_by_prompt_position.tsv	255281	ea470cc9ffdd7a6f5de27c4fa26263a2715c92b1e66b373d36a4c0dc392e66e3	2026-05-12T02:38:06Z
/workspace/qwen-scope/5-11-26/sae_outputs/layer26_candidate_locality_check/tracked_feature_hits_by_position.tsv	23093	faaa58f47b2274ae9f2d2606734df8fe4bfc2455944f0d57349e5b3e9777a531	2026-05-12T02:38:06Z
/workspace/qwen-scope/5-11-26/sae_outputs/layer26_feature_example_scan/generated_text_by_prompt.tsv	5137	beda5e3d51a52bc55b5b9edf2f1f625b4b6832610c23c63497d457da42e46188	2026-05-12T02:38:06Z
/workspace/qwen-scope/5-11-26/sae_outputs/layer26_feature_example_scan/layer26_feature_evidence_summary.md	2422	ff7b60a9771bbebc2feb968ce0a0cb3c9e80bae97be9ce0402693d04419f07cc	2026-05-12T02:38:06Z
/workspace/qwen-scope/5-11-26/sae_outputs/layer26_feature_example_scan/layer26_feature_example_scan_metadata.json	97152	978cd367e377d389b8b7982e1647deebf4e6e44e12ca77f69e3b52273129791d	2026-05-12T02:38:06Z
/workspace/qwen-scope/5-11-26/sae_outputs/layer26_feature_example_scan/topk_features_by_prompt.tsv	95416	d242f1dfecd19926d56e28e793b19bb0583a129f6a7521df18ad87eaa6eae519	2026-05-12T02:38:06Z
/workspace/qwen-scope/5-11-26/sae_outputs/layer26_feature_example_scan/tracked_feature_hits.tsv	21881	6f50622bd1890dcb6d4b109be2303084890e0ce813e7a8e61f81236316c056c5	2026-05-12T02:38:06Z
/workspace/qwen-scope/5-11-26/sae_outputs/layer26_matched_perturbation_control/generated_text_by_prompt.tsv	4914	546950c179ce822ecbb8ca3cbbef103d883aaa70a0ed65b4c8779aaa9554cad2	2026-05-12T02:38:06Z
/workspace/qwen-scope/5-11-26/sae_outputs/layer26_matched_perturbation_control/layer26_matched_perturbation_metadata.json	187637	8832af5f9ea97ce4e207aa6053be583a4d264c85cfba012fd011549110d7effc	2026-05-12T02:38:06Z
/workspace/qwen-scope/5-11-26/sae_outputs/layer26_matched_perturbation_control/layer26_matched_perturbation_summary.md	3157	8c3e1e3a1f8c9f5977eded7e481becbb08ecd650296c57d26a2d423a4a4a190d	2026-05-12T02:38:06Z
/workspace/qwen-scope/5-11-26/sae_outputs/layer26_matched_perturbation_control/topk_features_by_prompt_position.tsv	279169	7ebb816718eb684363b5395042e1325e3b0c94a1bc95f4d35fdfef918b61c103	2026-05-12T02:38:06Z
/workspace/qwen-scope/5-11-26/sae_outputs/layer26_matched_perturbation_control/tracked_feature_hits_by_position.tsv	25423	1dd78af2cf647d1874e18ad87d223d74b59cf75e845b5aeb7f18cb9d3dd3cdd6	2026-05-12T02:38:06Z
/workspace/qwen-scope/5-11-26/scripts/aggregate_full_controlled_perturbation_matrix.py	27135	dc6aeab54694ecfad82581e43d025a7346cd34bb5738ffeec91eb4ae3f377718	2026-05-12T02:38:06Z
/workspace/qwen-scope/5-11-26/scripts/full_controlled_perturbation_matrix.py	40955	aeed603fa08081aa1253fa0ea8cc1030a216c39f5fb5905ee3d581e5d22bf713	2026-05-12T02:38:06Z
/workspace/qwen-scope/5-11-26/scripts/layer26_candidate_locality_check.py	23804	db928e5d71d5f88792a75660a78cad96ca44e25c400bb36ec26a267f580a7fca	2026-05-12T02:38:06Z
/workspace/qwen-scope/5-11-26/scripts/layer26_feature_example_scan.py	18434	b15ce1bb613f0aba65bde5a30feddf27cb74c2403fcaff6f4b7f148271ff40a7	2026-05-12T02:38:06Z
/workspace/qwen-scope/5-11-26/scripts/layer26_matched_perturbation_control.py	24141	46f9bc1e1a334988ae0c42ee202854ba286b5b1fa968e682078df1ab59fcfdea	2026-05-12T02:38:06Z
/workspace/qwen-scope/5-11-26/scripts/setup_qwen_scope_workspace_2x96gb.sh	8903	a136924ad06ddae7aafd21b7161da1b150a794031bd2268c5ce20d70694c7e68	2026-05-12T02:38:06Z
/workspace/qwen-scope/5-11-26/scripts/smoke_capture_hidden.py	8177	58795b688a1cd2f5545e9e6e24e2b19602fb953d29003edb6c7cbf887360178f	2026-05-12T02:38:06Z
/workspace/qwen-scope/5-11-26/scripts/smoke_sae_encode.py	14911	9fc669cd7358b502d65d4f12ed12eacd16fbc1c54bb9a185f4c1d1ff2cd53f83	2026-05-12T02:38:06Z
/workspace/qwen-scope/5-11-26/scripts/smoke_two_prompt_topk50_delta.py	20311	4afed86da41164862c8f5d0ed01dc7c86d6c94064378b4e941b654d2bd026f50	2026-05-12T02:38:06Z
/workspace/qwen-scope/5-11-26/scripts/status_check.sh	671	fa9985d0ce5617fd0a7fa90d11eeecc19c4c2a50166fd14c5398bb9228001bd6	2026-05-12T02:38:06Z
/workspace/qwen-scope/5-11-26/smoke-runs/migration_validation_2x96gb/hidden_states/dstroke_hum_layer_14_final_prompt_resid.pt	10441	74a01531f8aa21f9768c67290a253d2be68956425faf1be6e5095653ba8a26e6	2026-05-12T02:38:06Z
/workspace/qwen-scope/5-11-26/smoke-runs/migration_validation_2x96gb/hidden_states/dstroke_hum_layer_26_final_prompt_resid.pt	10441	a44ce70b6b4f948139d035500875185371849a798c4e6e34b056d0463a4186cc	2026-05-12T02:38:06Z
/workspace/qwen-scope/5-11-26/smoke-runs/migration_validation_2x96gb/hidden_states/normal_hum_layer_14_final_prompt_resid.pt	10434	88db06e580fec2782060302e3fcebef445f77996a344738a1addccdeba0ee29d	2026-05-12T02:38:06Z
/workspace/qwen-scope/5-11-26/smoke-runs/migration_validation_2x96gb/hidden_states/normal_hum_layer_26_final_prompt_resid.pt	10434	2e911a4948f19b3a0691ab7b8eb3eb2b5eafaf6978265e8ede5c2226790116cc	2026-05-12T02:38:06Z
/workspace/qwen-scope/5-11-26/smoke-runs/migration_validation_2x96gb/prompts/smoke_dstroke_hum.txt	485	be79391c6d35154b7b759048339f9e0382a508f4286e697c09630c9c79bd251d	2026-05-12T02:38:06Z
/workspace/qwen-scope/5-11-26/smoke-runs/migration_validation_2x96gb/prompts/smoke_normal_hum.txt	471	c5ed79fe91259e10daae70ef309113059509fbcaa5eba86d00ffb09ab7fe4a19	2026-05-12T02:38:06Z
/workspace/qwen-scope/5-11-26/smoke-runs/migration_validation_2x96gb/provenance/smoke_two_prompt_topk50_delta_2x96gb_20260511.txt	8418	1f216974f02e16c0f2ae4451e22cf6a862fde654ef304e343496b6b122c72172	2026-05-12T02:38:06Z
/workspace/qwen-scope/5-11-26/smoke-runs/migration_validation_2x96gb/sae_outputs/dstroke_hum_layer_14_top_features.tsv	2253	f2bf4a6af96dc0d964def25765cb3ea53f342c124e1ab021caeb8926df139dcf	2026-05-12T02:38:06Z
/workspace/qwen-scope/5-11-26/smoke-runs/migration_validation_2x96gb/sae_outputs/dstroke_hum_layer_26_top_features.tsv	2252	bc6285644f1407d01fc26660d885ea3b629d8a15cac8c238b84580e9ed1a2a60	2026-05-12T02:38:06Z
/workspace/qwen-scope/5-11-26/smoke-runs/migration_validation_2x96gb/sae_outputs/feature_delta_topk50.tsv	10885	375a42846dfc022d36be58efbf65c1dbac63238ec244d02853d742fa46b5ed67	2026-05-12T02:38:06Z
/workspace/qwen-scope/5-11-26/smoke-runs/migration_validation_2x96gb/sae_outputs/normal_hum_layer_14_top_features.tsv	2198	40b582ef174ad6518f8d2331ef0555994102d0dbeb5b6f055129f3edc79cb6d4	2026-05-12T02:38:06Z
/workspace/qwen-scope/5-11-26/smoke-runs/migration_validation_2x96gb/sae_outputs/normal_hum_layer_26_top_features.tsv	2195	4e7f764669cfdd3f68923cfb7925b5971da74d8e8175293ae8c492af88f87014	2026-05-12T02:38:06Z
/workspace/qwen-scope/5-11-26/smoke-runs/migration_validation_2x96gb/sae_outputs/smoke_two_prompt_delta_metadata.json	19394	00c2f558f62090c6817f017333c652a6317cfac9de7be680e6b0959629f2995b	2026-05-12T02:38:06Z
/workspace/qwen-scope/5-11-26/smoke-runs/migration_validation_2x96gb/sae_outputs/top_features_by_condition.tsv	8766	e744b81158d6470ecf9fc67a0d3a3d997520f10ca1e32bb0a4cb6272225e0a7f	2026-05-12T02:38:06Z
/workspace/qwen-scope/5-11-26/smoke-runs/pre_migration_2x5090/README.provenance	338	bef9e5848bb57ec2c83c8d031924636bec2b2b161f3ced7a7025336da7315279	2026-05-12T02:38:06Z
/workspace/qwen-scope/5-11-26/smoke-runs/pre_migration_2x5090/artifacts/hidden_states/smoke/layer_14_final_prompt_resid.pt	10357	61c21741ecf13868024fa7c81a3590d5456007bccb420e729c951c9dcca5368a	2026-05-12T02:38:06Z
/workspace/qwen-scope/5-11-26/smoke-runs/pre_migration_2x5090/artifacts/hidden_states/smoke/layer_26_final_prompt_resid.pt	10357	c4a447a07031bac72c56d45a1dcbad49b6d0d85d8cb7436f52b3a2152f77ca0d	2026-05-12T02:38:06Z
/workspace/qwen-scope/5-11-26/smoke-runs/pre_migration_2x5090/artifacts/hidden_states/smoke/smoke_metadata.json	3212	0e3d8e3d3f96c5981dff8dfb595eacf73a33d21a3fd23a737a4cba361c696a69	2026-05-12T02:38:06Z
/workspace/qwen-scope/5-11-26/smoke-runs/pre_migration_2x5090/artifacts/hidden_states/smoke_two_prompt_delta/dstroke_hum_layer_14_final_prompt_resid.pt	10441	a1ef672c6a20cd0d718256afd8e0e2e059fda65a23013dd814a37404ec74bf1c	2026-05-12T02:38:06Z
/workspace/qwen-scope/5-11-26/smoke-runs/pre_migration_2x5090/artifacts/hidden_states/smoke_two_prompt_delta/dstroke_hum_layer_26_final_prompt_resid.pt	10441	9c616e184ae080d53adfc4fee3fe32bf29dcdf6b7a94e618651fee460c837ade	2026-05-12T02:38:06Z
/workspace/qwen-scope/5-11-26/smoke-runs/pre_migration_2x5090/artifacts/hidden_states/smoke_two_prompt_delta/normal_hum_layer_14_final_prompt_resid.pt	10434	5fdddff85539443ed12430545de1ff86fedc16f9c66d1a44acca4374e16b7b58	2026-05-12T02:38:06Z
/workspace/qwen-scope/5-11-26/smoke-runs/pre_migration_2x5090/artifacts/hidden_states/smoke_two_prompt_delta/normal_hum_layer_26_final_prompt_resid.pt	10434	a1f01ac514dec29f817292eb7c90dff5ecf329549d3674c405523689b584f931	2026-05-12T02:38:06Z
/workspace/qwen-scope/5-11-26/smoke-runs/pre_migration_2x5090/artifacts/logs/setup_qwen_scope_workspace.log	39290	0982eb8d6edef972faf7d4178f30818336699f0303e8c06e61d355f0641b7d5f	2026-05-12T02:38:06Z
/workspace/qwen-scope/5-11-26/smoke-runs/pre_migration_2x5090/artifacts/logs/setup_qwen_scope_workspace.nohup.log	39290	0982eb8d6edef972faf7d4178f30818336699f0303e8c06e61d355f0641b7d5f	2026-05-12T02:38:06Z
/workspace/qwen-scope/5-11-26/smoke-runs/pre_migration_2x5090/artifacts/logs/torch_cuda_compatibility_fix.log	13407	38adce3e56d3b72edf1371980dd63e5599867d81512f30d40405d70b277602e7	2026-05-12T02:38:06Z
/workspace/qwen-scope/5-11-26/smoke-runs/pre_migration_2x5090/artifacts/manifests/base_model_file_manifest.tsv	4616	dd76633b5ef8a19bbceae3b4f9820305b5b66b5cfcba28b274a91c62e1670b10	2026-05-12T02:38:07Z
/workspace/qwen-scope/5-11-26/smoke-runs/pre_migration_2x5090/artifacts/manifests/base_model_hf_repo_files.txt	867	2d8645af69db5268d13f3aa50fda8fde231c99fbaab0424759741182f2c30ebd	2026-05-12T02:38:07Z
/workspace/qwen-scope/5-11-26/smoke-runs/pre_migration_2x5090/artifacts/manifests/base_model_sha256_small_files.txt	6707	8c0e97b5f3a23222fb767b3150eab5a9748855e24293486b845fec6c0667a6a2	2026-05-12T02:38:07Z
/workspace/qwen-scope/5-11-26/smoke-runs/pre_migration_2x5090/artifacts/manifests/sae_file_manifest.tsv	6434	680925d0831e5d9740deead46707d6c04af9ad1268b6e8db17558c8f5c829c25	2026-05-12T02:38:07Z
/workspace/qwen-scope/5-11-26/smoke-runs/pre_migration_2x5090/artifacts/manifests/sae_find_layout.txt	10054	e122a9612f6df98c529eb31e79892129720e3529d58e563fec0c7f8eafed12ff	2026-05-12T02:38:07Z
/workspace/qwen-scope/5-11-26/smoke-runs/pre_migration_2x5090/artifacts/manifests/sae_hf_repo_files.txt	697	3f08dcd16ea6afd1e8f63eaea787e0086e9bb61b37380cd4c19aa71396c22580	2026-05-12T02:38:07Z
/workspace/qwen-scope/5-11-26/smoke-runs/pre_migration_2x5090/artifacts/manifests/sae_sha256_small_files.txt	9410	1f01dedf5a90a14754b02132e41a8a42eef2c7990331a7771676dbd5a95bff5e	2026-05-12T02:38:07Z
/workspace/qwen-scope/5-11-26/smoke-runs/pre_migration_2x5090/artifacts/manifests/workspace_manifest.md	505	535acfe049d261aafb10aa661b96ecf5cc81f7bbedb3f9e3d51665ea534bad3d	2026-05-12T02:38:07Z
/workspace/qwen-scope/5-11-26/smoke-runs/pre_migration_2x5090/artifacts/old_instance_archive_manifest.tsv	8087	4eef244212e2bb1e37f091a2e51e8c20ae16759e4421ad639310f6d7801b7977	2026-05-12T02:38:07Z
/workspace/qwen-scope/5-11-26/smoke-runs/pre_migration_2x5090/artifacts/old_instance_audit_36555651_20260511.tar.gz	33697	c7504a610dd06983892ad9ff6ec6aad42e94245041717fc147519e84aa0111e5	2026-05-12T02:38:07Z
/workspace/qwen-scope/5-11-26/smoke-runs/pre_migration_2x5090/artifacts/prompts/smoke_dstroke_hum.txt	485	be79391c6d35154b7b759048339f9e0382a508f4286e697c09630c9c79bd251d	2026-05-12T02:38:07Z
/workspace/qwen-scope/5-11-26/smoke-runs/pre_migration_2x5090/artifacts/prompts/smoke_normal_hum.txt	471	c5ed79fe91259e10daae70ef309113059509fbcaa5eba86d00ffb09ab7fe4a19	2026-05-12T02:38:07Z
/workspace/qwen-scope/5-11-26/smoke-runs/pre_migration_2x5090/artifacts/provenance/download_completion_manifest.txt	578	14e7f141cabd1e79b4cc36790b9f7363450e20b6184e8b52f930265e02d50bd6	2026-05-12T02:38:07Z
/workspace/qwen-scope/5-11-26/smoke-runs/pre_migration_2x5090/artifacts/provenance/final_setup_verification_20260511.txt	1671	29080be2407471905c44b5e15da5f2deef7d430b640686d4eac5652b48670c43	2026-05-12T02:38:07Z
/workspace/qwen-scope/5-11-26/smoke-runs/pre_migration_2x5090/artifacts/provenance/final_wrong_hauhau_artifact_process_fd_check_20260511.txt	533	f7b7e888c03b2a72e685681ee90489f25be8f307b9fe47adb9fc48d58c66529c	2026-05-12T02:38:07Z
/workspace/qwen-scope/5-11-26/smoke-runs/pre_migration_2x5090/artifacts/provenance/final_wrong_hauhau_check_20260511.txt	432	191c521e4b8034d7c677d59cf90c4bf21cca584c6302acc065dc217f8e9f50c8	2026-05-12T02:38:07Z
/workspace/qwen-scope/5-11-26/smoke-runs/pre_migration_2x5090/artifacts/provenance/instance_created_20260511.txt	447	b93e4d7ed8008653245d29e861b3d84d1c58353e4042de703e23e8cc376af66f	2026-05-12T02:38:07Z
/workspace/qwen-scope/5-11-26/smoke-runs/pre_migration_2x5090/artifacts/provenance/pip_freeze.txt	1178	7c1a4385b8b15069115bce99aab42183c113e2bc2fd2a32b8323bd8f9b9534ed	2026-05-12T02:38:07Z
/workspace/qwen-scope/5-11-26/smoke-runs/pre_migration_2x5090/artifacts/provenance/pip_freeze_after_torch_cuda_fix.txt	1240	77261e08ee6f51b553f2d892fe66dace38943dec747eddb0ad5b21e8a2c81d6b	2026-05-12T02:38:07Z
/workspace/qwen-scope/5-11-26/smoke-runs/pre_migration_2x5090/artifacts/provenance/pip_freeze_before_torch_cuda_fix.txt	1178	7c1a4385b8b15069115bce99aab42183c113e2bc2fd2a32b8323bd8f9b9534ed	2026-05-12T02:38:07Z
/workspace/qwen-scope/5-11-26/smoke-runs/pre_migration_2x5090/artifacts/provenance/python_environment_snapshot.txt	570	146e9454eec02bd920c7fb7dd1e54beb30a2c1ad01fb82f1f49e9f4025082efb	2026-05-12T02:38:07Z
/workspace/qwen-scope/5-11-26/smoke-runs/pre_migration_2x5090/artifacts/provenance/python_environment_snapshot_after_torch_cuda_fix.txt	639	d33ca65cfd4fb89575a714900525916b18ddd691827333372b92d98e0dfc5d59	2026-05-12T02:38:07Z
/workspace/qwen-scope/5-11-26/smoke-runs/pre_migration_2x5090/artifacts/provenance/setup.pid	4	61c3ee4befade66973d99a6ae1d84a1d88c85c04f0a2438c7a105cc4e19ef922	2026-05-12T02:38:07Z
/workspace/qwen-scope/5-11-26/smoke-runs/pre_migration_2x5090/artifacts/provenance/setup_start_20260511T170106Z.txt	542	693856da18f9874af014b4cc58b5c5157dd53f840209ba26290b65b4c74f4350	2026-05-12T02:38:07Z
/workspace/qwen-scope/5-11-26/smoke-runs/pre_migration_2x5090/artifacts/provenance/smoke_capture_20260511.txt	6279	17ddd637ee5adf7527359eabe902a946483e4a5133cd144ab69a36f2df6b6466	2026-05-12T02:38:07Z
/workspace/qwen-scope/5-11-26/smoke-runs/pre_migration_2x5090/artifacts/provenance/smoke_sae_encode_20260511.txt	3097	1fdc2d8d8a3629e1ff660df7771f7850144776dae847bd39d8e8d60377be4f91	2026-05-12T02:38:07Z
/workspace/qwen-scope/5-11-26/smoke-runs/pre_migration_2x5090/artifacts/provenance/smoke_sae_encode_topk50_20260511.txt	3562	f4d58a931d6662926f3084901674a1d1580c5ebef3cd39d578f016c3bf0ff8e1	2026-05-12T02:38:07Z
/workspace/qwen-scope/5-11-26/smoke-runs/pre_migration_2x5090/artifacts/provenance/smoke_two_prompt_topk50_delta_20260511.txt	11516	b513eea0823a1e912d01db7508582b5571a28ba7f4a6bdf45cce2ca436e07fd7	2026-05-12T02:38:07Z
/workspace/qwen-scope/5-11-26/smoke-runs/pre_migration_2x5090/artifacts/provenance/smoke_two_prompt_topk50_delta_rerun_20260511.txt	8020	319d25b1eae0e06e0c0003d88b50808b2e2ef1da8e2b8349ccd1762e8e143ebf	2026-05-12T02:38:07Z
/workspace/qwen-scope/5-11-26/smoke-runs/pre_migration_2x5090/artifacts/provenance/status_check_after_setup.txt	464	2c40730e826d3c03e92ddb8ea59aa89e1bf429967f1ce6a251268ad11ecbb129	2026-05-12T02:38:07Z
/workspace/qwen-scope/5-11-26/smoke-runs/pre_migration_2x5090/artifacts/provenance/status_check_after_torch_cuda_fix.txt	527	5e24d746c1fa45f1d7b9f470a0bd1d00cdcd157aeea996ef11a4a80240fbe365	2026-05-12T02:38:07Z
/workspace/qwen-scope/5-11-26/smoke-runs/pre_migration_2x5090/artifacts/provenance/torch_cu128_pip_dry_run.txt	9037	aa96a6cc71b349af6aa613621f0a65b651d32dff460ad16c57a5ea1393a9b2ce	2026-05-12T02:38:07Z
/workspace/qwen-scope/5-11-26/smoke-runs/pre_migration_2x5090/artifacts/provenance/torch_cuda_compatibility_fix_20260511.txt	13407	38adce3e56d3b72edf1371980dd63e5599867d81512f30d40405d70b277602e7	2026-05-12T02:38:07Z
/workspace/qwen-scope/5-11-26/smoke-runs/pre_migration_2x5090/artifacts/provenance/wrong_hauhau_artifact_check.txt	370	1fa26c6a488c92a88ab878c17537fe2c9ddeb965cea1b85afe78cea3b2a05fc2	2026-05-12T02:38:07Z
/workspace/qwen-scope/5-11-26/smoke-runs/pre_migration_2x5090/artifacts/sae_outputs/smoke/layer_14_top_features.tsv	1650	132562fcabdcda338794c2de772e5a7e8acf8c8060e7b9c12367e00c231ed284	2026-05-12T02:38:07Z
/workspace/qwen-scope/5-11-26/smoke-runs/pre_migration_2x5090/artifacts/sae_outputs/smoke/layer_26_top_features.tsv	1641	fcf69513512fb3b657aa37b786cd4da5024fc3bc7af6abf03cac078e35a98c69	2026-05-12T02:38:07Z
/workspace/qwen-scope/5-11-26/smoke-runs/pre_migration_2x5090/artifacts/sae_outputs/smoke/smoke_sae_encode_metadata.json	9138	6f17ee22616cca40640113ab3d853fb6358fbb10af7d74a30a78ae5d72509baf	2026-05-12T02:38:07Z
/workspace/qwen-scope/5-11-26/smoke-runs/pre_migration_2x5090/artifacts/sae_outputs/smoke/top_features.tsv	3257	e79002dece15d27e12beec5577baf1fef887ec9801afd4fe96cd782b89e75643	2026-05-12T02:38:07Z
/workspace/qwen-scope/5-11-26/smoke-runs/pre_migration_2x5090/artifacts/sae_outputs/smoke_two_prompt_delta/dstroke_hum_layer_14_top_features.tsv	2246	b57aca896c61e6a237ca73483c01e54e97fe9f3ce4f92a07f5ddadcd02e5443b	2026-05-12T02:38:07Z
/workspace/qwen-scope/5-11-26/smoke-runs/pre_migration_2x5090/artifacts/sae_outputs/smoke_two_prompt_delta/dstroke_hum_layer_26_top_features.tsv	2245	8dfa6684c3c91f3e98b465dbbdeeab6289f046c852aa9f18abed4f421896d52c	2026-05-12T02:38:07Z
/workspace/qwen-scope/5-11-26/smoke-runs/pre_migration_2x5090/artifacts/sae_outputs/smoke_two_prompt_delta/feature_delta_topk50.tsv	10747	b07db12ce1fc0e21a00284e57cfb7903d3871bf5cc8944dee1f7ac43b60504af	2026-05-12T02:38:07Z
/workspace/qwen-scope/5-11-26/smoke-runs/pre_migration_2x5090/artifacts/sae_outputs/smoke_two_prompt_delta/normal_hum_layer_14_top_features.tsv	2202	95f452dbf1d4557e05838a2a4908da9454f5fc1cfda56d9141fbfb64f88f8996	2026-05-12T02:38:07Z
/workspace/qwen-scope/5-11-26/smoke-runs/pre_migration_2x5090/artifacts/sae_outputs/smoke_two_prompt_delta/normal_hum_layer_26_top_features.tsv	2194	b174de2be073b90f224367ea54ff498e1a5aa6679440599af6aacf450d06a258	2026-05-12T02:38:07Z
/workspace/qwen-scope/5-11-26/smoke-runs/pre_migration_2x5090/artifacts/sae_outputs/smoke_two_prompt_delta/smoke_two_prompt_delta_metadata.json	20290	833d35e51d3399b84b3d887b577fc342b62393802329bf5e530a97a3cd1fbb62	2026-05-12T02:38:07Z
/workspace/qwen-scope/5-11-26/smoke-runs/pre_migration_2x5090/artifacts/sae_outputs/smoke_two_prompt_delta/top_features_by_condition.tsv	8755	accb11ac46b9c20f93a1c282415d41ffee3bcc16270a8ef5dd99d500c162b983	2026-05-12T02:38:07Z
/workspace/qwen-scope/5-11-26/smoke-runs/pre_migration_2x5090/artifacts/scripts/setup_qwen_scope_workspace.sh	8097	fd0099bfdc31c1601c909144a7cef3540c1092a04ad6932606b43879cd48ae9d	2026-05-12T02:38:07Z
/workspace/qwen-scope/5-11-26/smoke-runs/pre_migration_2x5090/artifacts/scripts/smoke_capture_hidden.py	8062	054151367ce30161e12e3ea9f05d96a94d04ea667aa3b694a08458b59c79f108	2026-05-12T02:38:07Z
/workspace/qwen-scope/5-11-26/smoke-runs/pre_migration_2x5090/artifacts/scripts/smoke_sae_encode.py	14765	bc2c9d183a3da46226d10a948fbf8b8e54c87de4a008dd2ba84ee593f959b587	2026-05-12T02:38:07Z
/workspace/qwen-scope/5-11-26/smoke-runs/pre_migration_2x5090/artifacts/scripts/smoke_two_prompt_topk50_delta.py	20064	ce9f0058654734407de0849323b3f1f721aabba7bd771b0688bc6b90e2e01bce	2026-05-12T02:38:07Z
/workspace/qwen-scope/5-11-26/smoke-runs/pre_migration_2x5090/file_manifest.tsv	1886	1cc6efe54bedbee99a353c50ced2f3c599d44f7f063c5aefedfbcc871c24c5b2	2026-05-12T02:38:07Z
/workspace/qwen-scope/5-11-26/smoke-runs/pre_migration_2x5090/pre_migration_smoke_20260511.tar.gz	60259	2d443f800589575a0f40ffc98cb234076d5046a66f73270f843c8894f26cf083	2026-05-12T02:38:07Z
