family	target_variant	control_variant	target_token_count	control_token_count	token_delta_control_minus_target	target_char_count	control_char_count	target_raw_sha256	control_raw_sha256
hum_processing	light_global_mixed	token_match_ascii__light_global_mixed	78	78	0	233	251	c080d0c38a4f65d21e40d9eb4d66776898e927dadb77a211fe5e16cb38ea55d6	06a0e5b321b39f293a275aef496fb6f9a5f8db8bef4c8fac2c3f3f94ddd9104e
hum_processing	light_high_impact_mixed	token_match_ascii__light_high_impact_mixed	113	114	1	233	275	ce10904db333fee6a649a443e778bad3d2e701c217a8e251b5f05e9b066eddcc	e75a45eaf5f7d80fa135467c234b27ff3fb4d65aff18a4e836eac23a852668a9
hum_processing	dcedilla_shuffled_light	token_match_ascii__dcedilla_shuffled_light	63	64	1	233	242	75cbd390eafd4b0a787b6f50a82b3617b3217daaa162084cad4d63dbea1c47e1	47a150df4c6db19837a3a02227b96d6e9fe5edf338e1d2a09a1b36f4c45e28f9
hum_processing	dcedilla_high_impact	token_match_ascii__dcedilla_high_impact	66	66	0	233	243	6adf51ae6ddf2b29c7abfd2a4dda84e233f19f36fefb647b9034e6649ce1ec8d	e96eec7087b3c398f993f189abbdd0f0f386ce773b6669fc4cc008cc7253c2ae
hum_processing	dense_global_mixed	token_match_ascii__dense_global_mixed	208	208	0	233	340	16cb0be8a5a06243ef62676cb13fe873f645c8102352a4039bd831eac026275f	ab8600754f39b2b15de61cf444bdf0360ded8d0266b44b25e0a3acdbab8e055a
hum_processing	dense_dcedilla_all	token_match_ascii__dense_dcedilla_all	89	90	1	233	259	7f1f4b79cd60f441f7e0f8a1efbbc055961af0b1e4c1814d216629dafcfc85ef	2e57f1fff6e47d84eb400efa0b8ba865c17b06c9d6319a4f4233b87199287850
hum_processing	d_dot_high_impact_control	token_match_ascii__d_dot_high_impact_control	66	66	0	233	243	6a06989c3bb847fe8c7b45d0ccdb017e5b163046b721da449f3d5d40084d958e	e96eec7087b3c398f993f189abbdd0f0f386ce773b6669fc4cc008cc7253c2ae
hum_processing	dense_combining_mixed	token_match_ascii__dense_combining_mixed	206	207	1	382	339	06696a746aeb91e52757b55dcabab6f5535e971787b5512aba2b267f0dd6835c	194bdda7b03facda4634bbad1977c93bfad9a6ef83e3f28216b14c62c24b8159
hum_processing	d_acute_high_impact_combining	token_match_ascii__d_acute_high_impact_combining	59	59	0	237	239	b44ee2b0bd3b3579a4dae7ff7700fd493100c46057911572eb4abe03e768562d	70a7abfe8e5be097029f46d14e90931bebe2e78c827cd0fbe548effd76efb52e
hum_processing	d_macron_high_impact_combining	token_match_ascii__d_macron_high_impact_combining	63	64	1	237	242	1bc939eaf157dcf8c4fdc83a7e5b615f5d9a517a8183d65bf57575e4b3067da9	47a150df4c6db19837a3a02227b96d6e9fe5edf338e1d2a09a1b36f4c45e28f9
strange_loop	light_global_mixed	token_match_ascii__light_global_mixed	87	87	0	268	295	e2fc16bace509fd46f5deea6ac3a1cea2474af7fa8399aa6066615f13c5537a4	3acff703b3f0784104d1dda57ec9bcbb8ff1d90f31c8456de34fea389805ccce
strange_loop	light_high_impact_mixed	token_match_ascii__light_high_impact_mixed	104	104	0	268	306	afe27878822859e3731dae6fcfd6e4da2596e0798817e1e3192225191a4c11e0	ef71b14d506daa451009d5ac11c3bbd9b43601cd929e9d45307c2f75428fbf5d
strange_loop	dcedilla_shuffled_light	token_match_ascii__dcedilla_shuffled_light	60	60	0	268	275	f74a230c9ec289e6d2cab3e97198d60929df311f683bc75215ae8bf1a25ba0c3	d572d5df00bab9942104d286bcb19f3db0ea4457e9bafe3701aec9bd250be630
strange_loop	dcedilla_high_impact	token_match_ascii__dcedilla_high_impact	60	60	0	268	275	91cce88f4307a66f058f16ad66798b7175123477e2c2ee65056a61161b8b08af	d572d5df00bab9942104d286bcb19f3db0ea4457e9bafe3701aec9bd250be630
strange_loop	dense_global_mixed	token_match_ascii__dense_global_mixed	245	245	0	268	398	1cf6c1837cf7ebec1bd7bd1d98da082098e399c6c5d7b779bf06a2f448b8ab90	6cf305692a642ca488e42545e668bcf5cb720dd9c5f709036a884bda65171091
strange_loop	dense_dcedilla_all	token_match_ascii__dense_dcedilla_all	77	77	0	268	287	321c90863a24f272f7565f34489fbbe7b2540e87cd394f662c8db2256f933f35	7ba6f4bece1cb9d71e718b50bc3c23faec5c31d6b516136370b67cc4d38d7bd1
strange_loop	d_dot_high_impact_control	token_match_ascii__d_dot_high_impact_control	60	60	0	268	275	e9edb1eb7046ecf3a40f1add51031b8d9c041348e6be863482f73cb94981a440	d572d5df00bab9942104d286bcb19f3db0ea4457e9bafe3701aec9bd250be630
strange_loop	dense_combining_mixed	token_match_ascii__dense_combining_mixed	240	240	0	446	395	21c019ff3a7d4ada016118d5e1660abc6f6906162a4023613b17fb106fe637e8	af7ed73557d09f341e1ece73445cb2e8f018a6adfe3e1a2c1c1f9d528f736b6b
strange_loop	d_acute_high_impact_combining	token_match_ascii__d_acute_high_impact_combining	54	54	0	271	270	22f9e158fcca3fe1a04ca49d47e5edbfc6581c3b80b76e801a85e70b9c64f922	655e3c83a3f734c697ca0346f073f9ac926f6d5721c605ce37e5a408aa202333
strange_loop	d_macron_high_impact_combining	token_match_ascii__d_macron_high_impact_combining	57	57	0	271	273	8a5d545356f040d80b37f16053d8bf5498dee34115dcc5703ad2605c35e4f5e6	dd36d95f6169fff555ef8afb0e23b6c4f7c90cd9bce3eee9ca75893c44d323d1
recipe_neutral	light_global_mixed	token_match_ascii__light_global_mixed	60	60	0	186	202	3c8b6f8ae6d8acfeefe62b901af1db0f03cee241c8d3a5b23b166b3b94cd6df8	1d1dc01107ccb9543072dba8ddb4fca359ebbb6bc6dda713b364fb0b723205fe
recipe_neutral	light_high_impact_mixed	token_match_ascii__light_high_impact_mixed	73	74	1	186	210	9774f2180f7ce354c17fcead7d3925fcfb069e8cc4a6676b4a30d932141e1e4f	e32b1a763a921a1551c1b4fa216f1c48d618bada289e36f2f042f2e0d07ebcbe
recipe_neutral	dcedilla_shuffled_light	token_match_ascii__dcedilla_shuffled_light	40	40	0	186	189	4e6d14e2e73378ab0c2b9495527e70213bd8b9ae85d8ed68df78dc1a47bb311f	a7b0ee5eb5552b5d9d94a61f6e1dc58b9b8378e27e5ff03c9c6a5f2c05faf077
recipe_neutral	dcedilla_high_impact	token_match_ascii__dcedilla_high_impact	40	40	0	186	189	4e6d14e2e73378ab0c2b9495527e70213bd8b9ae85d8ed68df78dc1a47bb311f	a7b0ee5eb5552b5d9d94a61f6e1dc58b9b8378e27e5ff03c9c6a5f2c05faf077
recipe_neutral	dense_global_mixed	token_match_ascii__dense_global_mixed	161	161	0	186	267	4ca33e1f475f670370970d349f5086b848ca2febce0264206a80c620f674ba31	5879fba6aa1598c135da398c1e5380cab71230d98a9645bbe917f292c8c4c9cd
recipe_neutral	dense_dcedilla_all	token_match_ascii__dense_dcedilla_all	50	50	0	186	195	6a4a227eab753eea3b26c734e936c452fc5f3db529060af368cf04381df5e638	f86f21f1cfee837add26cf728a4161837575b4ec9abf23a1ae42be9bb4f7283b
recipe_neutral	d_dot_high_impact_control	token_match_ascii__d_dot_high_impact_control	40	40	0	186	189	a8656abc1f33402cf8abbe3c630be244e03ad6e8f6217e9435e1d2d48d711740	a7b0ee5eb5552b5d9d94a61f6e1dc58b9b8378e27e5ff03c9c6a5f2c05faf077
recipe_neutral	dense_combining_mixed	token_match_ascii__dense_combining_mixed	161	161	0	306	267	c4456c78b14eda3ea6e126300f731e100d7dad9123fb39ed5b8e8ed6fcc48407	5879fba6aa1598c135da398c1e5380cab71230d98a9645bbe917f292c8c4c9cd
recipe_neutral	d_acute_high_impact_combining	token_match_ascii__d_acute_high_impact_combining	37	37	0	187	187	4cdf2414e947b2fe72f4a7ca187bd221231821289fb0108d550c4544ab3d423e	babf742f8c8d7fd02b5a22438f97682da9f405fe1746e5dfe2e87e3a90dab9c3
recipe_neutral	d_macron_high_impact_combining	token_match_ascii__d_macron_high_impact_combining	38	39	1	187	188	47950ff7759d2606b0d305f628033408307ae3c0d6436c5b18a2ea668e3aeb1a	d03fb41b3b33dbd69ba2d1bad3b3cfc253aa3e3183de840dd45abf787660ec70
recipe_metaphysics	light_global_mixed	token_match_ascii__light_global_mixed	78	79	1	239	263	264c75ee0ecb03463a38e25a3d44384174237e5dc4dce8cb792da67b01cc994d	be2babed74d2b16c5695c8f77d548b5abb9f92e7bd75054bc6afd929dc88df27
recipe_metaphysics	light_high_impact_mixed	token_match_ascii__light_high_impact_mixed	94	94	0	239	273	85d9dc9547ba56b2902a0a0ddabef84b858fc0798f0f0c2f97af063002a0133f	41fbb83618cd6e7d9ca71c5d0b9fff3f9e91e1576f474a539885b7b1cc7d1266
recipe_metaphysics	dcedilla_shuffled_light	token_match_ascii__dcedilla_shuffled_light	50	50	0	239	245	951c5926476664d6c3a943a2d8a33945de5e631d695a8c0906220d0c1fa24591	23179f91b73ad5ee264460e8fa81c62c8364bb3e95ff35a112d9876e9ff35230
recipe_metaphysics	dcedilla_high_impact	token_match_ascii__dcedilla_high_impact	51	53	2	239	246	cc61c804b4b52bb50a0216ddf5962f55ba631550ca9f94fa10d4030d72aac21d	a10e4414e0c986ecb964cd952fe4bc781a6e90baadb4820906770578d49f2418
recipe_metaphysics	dense_global_mixed	token_match_ascii__dense_global_mixed	214	214	0	239	352	0c22753d78ee6e4e23d6931aa2ca9f3d6f86974f07c161729b62eff5a14bf3c3	8ac9d36559fcacdc3c6c9049ec7394bf3fae205f3c7ddc1329d17f0131413af7
recipe_metaphysics	dense_dcedilla_all	token_match_ascii__dense_dcedilla_all	70	70	0	239	258	45e1f33a085c0e1876b6ad3370a904c1f9a0d250d1aa776ad01bfea605ff6184	a31cd1167915719f4ab7065f5e00cf9ee1e61202966515ee4e88f84396af21a1
recipe_metaphysics	d_dot_high_impact_control	token_match_ascii__d_dot_high_impact_control	51	53	2	239	246	458f8e7486251f330ac6d926b41943208bf581bd68a22c4aad4530aebbba58d5	a10e4414e0c986ecb964cd952fe4bc781a6e90baadb4820906770578d49f2418
recipe_metaphysics	dense_combining_mixed	token_match_ascii__dense_combining_mixed	212	213	1	400	351	e1b878b5df2b0cc7df11209241a04f5c308e0d962ec718f0a77a4374a7bac026	e994d5635ff7d29e3573eacaadae399aeb9bdd17d6865132d63457c43ea5c019
recipe_metaphysics	d_acute_high_impact_combining	token_match_ascii__d_acute_high_impact_combining	46	46	0	241	242	b87a47e38a1760baf7e50b9d2caf677d0b673a3c0d82739a86f77066104c1165	033718adadaa425dc3359f5a74b589f73b1dcd0e238f852b820dfe4028786546
recipe_metaphysics	d_macron_high_impact_combining	token_match_ascii__d_macron_high_impact_combining	48	48	0	241	243	3cdbdedf4df8ae6e803456c7a87c6aa5842685a45d4959eb8381812ab6a63e51	31f8b47bd83e196beb712c7b42e51a0d47cf0434b7036c705da9782042e0bf67
