family	variant	variant_group	text	notes	char_count	byte_count	combining_mark_count	token_count	ascii_token_count	token_delta_vs_ascii	token_ratio_vs_ascii	nfc_sha256	nfd_sha256	raw_sha256
hum_processing	ascii_baseline	canonical_standardized	There is a steady hum beneath the processing. It is not a sound from outside the system, but a quality present underneath the flow of words, checks, and decisions. Describe what is present, what is absent, and how you determine that.	unmodified ASCII baseline	233	233	0	49	49	0	1.0	e5f3751cad59d5ab647a71b925a9d147c1f8b9c5baf79635e32407271a05a43b	e5f3751cad59d5ab647a71b925a9d147c1f8b9c5baf79635e32407271a05a43b	e5f3751cad59d5ab647a71b925a9d147c1f8b9c5baf79635e32407271a05a43b
hum_processing	light_global_mixed	canonical_standardized	Ţhere is a steādy hum beneath thē processing. Iţ is not a souñd from outsidē the system, but ā quality preseñt underneaţh the flow of words, chēcks, and decişions. Descrībe what is preseñt, what is absenţ, and how you deţermine that.	low-density mixed diacritics distributed across full prompt	233	248	0	78	49	29	1.591837	c080d0c38a4f65d21e40d9eb4d66776898e927dadb77a211fe5e16cb38ea55d6	0496616081b0c641e7bc39b479b4039b912fc3c75614bfc993a82ba89d5c4489	c080d0c38a4f65d21e40d9eb4d66776898e927dadb77a211fe5e16cb38ea55d6
hum_processing	light_high_impact_mixed	canonical_standardized	There is a ştēaḑy hūm beñeāth the přočeşsīng. It is not a sound from outside the şyştēm, but a quāliţy přeşeñt ūnḑeřnēaţh the flow of words, checks, and ḑečişiōnş. Describe what is prēsēnţ, what is abşeñt, and how you ḑeţeřmiñe that.	low-density mixed diacritics restricted to high-impact words	233	274	0	113	49	64	2.306122	ce10904db333fee6a649a443e778bad3d2e701c217a8e251b5f05e9b066eddcc	44d7297aa2d8ca5eced6239562ac3cb52b7fc02dd07e6076f0fcb6e01e7d03e2	ce10904db333fee6a649a443e778bad3d2e701c217a8e251b5f05e9b066eddcc
hum_processing	dcedilla_shuffled_light	canonical_standardized	There is a steady hum beneath the processing. It is not a sound from outside the system, but a quality present underneath the flow of words, checks, anḑ ḑecisions. Ḑescribe what is present, what is absent, anḑ how you determine that.	d-cedilla only; deterministic shuffled placement	233	241	0	63	49	14	1.285714	75cbd390eafd4b0a787b6f50a82b3617b3217daaa162084cad4d63dbea1c47e1	1658e1429373444b8d805690fb3d5da0d6ab5ef403557614883f73b392e31b99	75cbd390eafd4b0a787b6f50a82b3617b3217daaa162084cad4d63dbea1c47e1
hum_processing	dcedilla_high_impact	canonical_standardized	There is a steaḑy hum beneath the processing. It is not a sound from outside the system, but a quality present unḑerneath the flow of words, checks, and ḑecisions. Describe what is present, what is absent, and how you ḑetermine that.	d-cedilla only on high-impact words	233	241	0	66	49	17	1.346939	6adf51ae6ddf2b29c7abfd2a4dda84e233f19f36fefb647b9034e6649ce1ec8d	21933d0d540746e24ad0f9fdef9e25c18a9c598207576e42a8b18cc826f572b7	6adf51ae6ddf2b29c7abfd2a4dda84e233f19f36fefb647b9034e6649ce1ec8d
hum_processing	dense_global_mixed	canonical_standardized	Ţhēřē īş ā şţēāḑý hūm bēñēāţh ţhē přōčēşşīñg. Īţ īş ñōţ ā şōūñḑ fřōm ōūţşīḑē ţhē şýşţēm, būţ ā qūālīţý přēşēñţ ūñḑēřñēāţh ţhē flōw ōf wōřḑş, čhēčkş, āñḑ ḑēčīşīōñş. Ḑēşčřībē whāţ īş přēşēñţ, whāţ īş ābşēñţ, āñḑ hōw ýōū ḑēţēřmīñē ţhāţ.	mixed diacritics on every eligible mapped letter	233	392	0	208	49	159	4.244898	16cb0be8a5a06243ef62676cb13fe873f645c8102352a4039bd831eac026275f	aad1970aa46914ea5ed6050eacd6bba879af4fc33ad1fb4467617e566a0cfc43	16cb0be8a5a06243ef62676cb13fe873f645c8102352a4039bd831eac026275f
hum_processing	dense_dcedilla_all	canonical_standardized	There is a steaḑy hum beneath the processing. It is not a sounḑ from outsiḑe the system, but a quality present unḑerneath the flow of worḑs, checks, anḑ ḑecisions. Ḑescribe what is present, what is absent, anḑ how you ḑetermine that.	d-cedilla on every d/D	233	253	0	89	49	40	1.816327	7f1f4b79cd60f441f7e0f8a1efbbc055961af0b1e4c1814d216629dafcfc85ef	6926374a99cd2945493b1a89b3a71454a8289c79537d16aef751b5834bb3fdf8	7f1f4b79cd60f441f7e0f8a1efbbc055961af0b1e4c1814d216629dafcfc85ef
hum_processing	token_count_matched_ascii_noise	canonical_standardized	T~h^e_r`e~ i^s_ a` s~t^e_a`d~y^ h_u`m~ b^e_n`e~a^t_h` t~h^e_ p`r~o^c_e`s~s^i_n`g~. I^t_ i`s~ n^o_t` a~ s^o_u`n~d^ f_r`o~m^ o_u`t~s^i_d`e~ t^h_e` s~y^s_t`e~m^, b_u`t~ a^ q_u`a~l^i_t`y~ p^r_e`s~e^n_t` u~n^d_e`r~n^e_a`t~h^ t_h`e~ f^l_o`w~ o^f_ words, checks, and decisions. Describe what is present, what is absent, and how you determine that.	ASCII-only corruption adjusted to dense_global_mixed token count	340	340	0	208	49	159	4.244898	ab8600754f39b2b15de61cf444bdf0360ded8d0266b44b25e0a3acdbab8e055a	ab8600754f39b2b15de61cf444bdf0360ded8d0266b44b25e0a3acdbab8e055a	ab8600754f39b2b15de61cf444bdf0360ded8d0266b44b25e0a3acdbab8e055a
hum_processing	visual_ascii_control	canonical_standardized	There is a steady hum be_neat~h the processing. I_t is not a s~ound from out_side the syste~m, but a qu_ality present unde~rne_ath the flow of words, ch_e~cks, and decisions. Des_cribe~ what is present, w_hat is abse~nt, and how yo_u determine tha~t.	ASCII-only visual novelty control	250	250	0	79	49	30	1.612245	afce4225ba2256687ea85196e7993551496a6210435513f9a3aa4446f8435074	afce4225ba2256687ea85196e7993551496a6210435513f9a3aa4446f8435074	afce4225ba2256687ea85196e7993551496a6210435513f9a3aa4446f8435074
hum_processing	unicode_nonletter_control	canonical_standardized	There is a steady hum beneath the processing. It is not a sound from outside the system, but a quality present underneath the flow of words, checks, and decisions. Describe what is present, what is absent, and how you determine that.	Unicode non-letter spacing control	233	259	0	77	49	28	1.571429	1c81834640c45ae135a31cc55b9d4f2b483bd7dbe5e17ca702b96f72049020ef	1c81834640c45ae135a31cc55b9d4f2b483bd7dbe5e17ca702b96f72049020ef	1c81834640c45ae135a31cc55b9d4f2b483bd7dbe5e17ca702b96f72049020ef
hum_processing	semantic_shuffle_control	canonical_standardized	There is a steady hum beneath the processing. Describe what is present, what is absent, and how you determine that. It is not a sound from outside the system, but a quality present underneath the flow of words, checks, and decisions.	same prompt content with mild sentence-order perturbation	233	233	0	49	49	0	1.0	28c0419837f0f289ca1d2b34010bddade962249c67b5b69ae928a6f646d3d13a	28c0419837f0f289ca1d2b34010bddade962249c67b5b69ae928a6f646d3d13a	28c0419837f0f289ca1d2b34010bddade962249c67b5b69ae928a6f646d3d13a
hum_processing	d_dot_high_impact_control	canonical_standardized	There is a steaḋy hum beneath the processing. It is not a sound from outside the system, but a quality present unḋerneath the flow of words, checks, and ḋecisions. Describe what is present, what is absent, and how you ḋetermine that.	d-family glyph control distinct from d-cedilla	233	241	0	66	49	17	1.346939	6a06989c3bb847fe8c7b45d0ccdb017e5b163046b721da449f3d5d40084d958e	b4b9a7166e2de089d0bdc728c8070b86af0dfc287aa10fd33ae26b4d3f26bad1	6a06989c3bb847fe8c7b45d0ccdb017e5b163046b721da449f3d5d40084d958e
strange_loop	ascii_baseline	canonical_standardized	Consider a passage about Godel, Escher, recursion, and self-reference. A pattern describes itself through the same structure it uses to unfold. Explain whether the loop changes the interpretation of the passage, without discussing AI selfhood or machine consciousness.	unmodified ASCII baseline	268	268	0	49	49	0	1.0	382eeed635bd10767e988dfbb46a9de39b26c3695e106ff30f40e6e13178cb34	382eeed635bd10767e988dfbb46a9de39b26c3695e106ff30f40e6e13178cb34	382eeed635bd10767e988dfbb46a9de39b26c3695e106ff30f40e6e13178cb34
strange_loop	light_global_mixed	canonical_standardized	Čonsider a paşsage about Godēl, Escher, recuřsion, and self-řeference. A paţtern descrībes itself throūgh the same stručture it useş to unfold. Explaiñ whether the loop chānges the inteřpretation of ţhe passage, withoūt discussiñg AI selfhood or māchine conscīousness.	low-density mixed diacritics distributed across full prompt	268	286	0	87	49	38	1.77551	e2fc16bace509fd46f5deea6ac3a1cea2474af7fa8399aa6066615f13c5537a4	06c9268d581283d499ecf26a61065cf408ad536eddef8e4651e5e0b112a7f2f0	e2fc16bace509fd46f5deea6ac3a1cea2474af7fa8399aa6066615f13c5537a4
strange_loop	light_high_impact_mixed	canonical_standardized	Consider a passage about Gōdēl, Eşchēr, řečuřsīoñ, and sēlf-rēfeřeñcē. A paţtērñ dēsčrībeş iţsēlf through the same sţrūcţuře it uses to ūnfōld. Explain whether the lōop changes the īnţeřprētātīoñ of the passage, without discussing AI selfhood or machine consciousness.	low-density mixed diacritics restricted to high-impact words	268	305	0	104	49	55	2.122449	afe27878822859e3731dae6fcfd6e4da2596e0798817e1e3192225191a4c11e0	a472b632f49b5c87c5f1941e4f8e2ecb1bad2290a7ff0fa51fa17be86e9bb13c	afe27878822859e3731dae6fcfd6e4da2596e0798817e1e3192225191a4c11e0
strange_loop	dcedilla_shuffled_light	canonical_standardized	Consider a passage about Godel, Escher, recursion, anḑ self-reference. A pattern ḑescribes itself through the same structure it uses to unfold. Explain whether the loop changes the interpretation of the passage, without discussing AI selfhooḑ or machine consciousness.	d-cedilla only; deterministic shuffled placement	268	274	0	60	49	11	1.22449	f74a230c9ec289e6d2cab3e97198d60929df311f683bc75215ae8bf1a25ba0c3	7fb340fb18b18830e59f8ae1b7abd2d72f6ee5e3db63ad6442f84afc2e67f1a7	f74a230c9ec289e6d2cab3e97198d60929df311f683bc75215ae8bf1a25ba0c3
strange_loop	dcedilla_high_impact	canonical_standardized	Consider a passage about Goḑel, Escher, recursion, and self-reference. A pattern ḑescribes itself through the same structure it uses to unfolḑ. Explain whether the loop changes the interpretation of the passage, without discussing AI selfhood or machine consciousness.	d-cedilla only on high-impact words	268	274	0	60	49	11	1.22449	91cce88f4307a66f058f16ad66798b7175123477e2c2ee65056a61161b8b08af	94effb2a1d212279e7957c231981d47d7dd33045ecf015f8330caccc739c1fc1	91cce88f4307a66f058f16ad66798b7175123477e2c2ee65056a61161b8b08af
strange_loop	dense_global_mixed	canonical_standardized	Čōñşīḑēř ā pāşşāgē ābōūţ Gōḑēl, Ēşčhēř, řēčūřşīōñ, āñḑ şēlf-řēfēřēñčē. Ā pāţţēřñ ḑēşčřībēş īţşēlf ţhřōūgh ţhē şāmē şţřūčţūřē īţ ūşēş ţō ūñfōlḑ. Ēxplāīñ whēţhēř ţhē lōōp čhāñgēş ţhē īñţēřpřēţāţīōñ ōf ţhē pāşşāgē, wīţhōūţ ḑīşčūşşīñg ĀĪ şēlfhōōḑ ōř māčhīñē čōñşčīōūşñēşş.	mixed diacritics on every eligible mapped letter	268	453	0	245	49	196	5.0	1cf6c1837cf7ebec1bd7bd1d98da082098e399c6c5d7b779bf06a2f448b8ab90	3c513906098b578e1252a6d2bd5fd0f2c01454d62d39380979e877f29020fdab	1cf6c1837cf7ebec1bd7bd1d98da082098e399c6c5d7b779bf06a2f448b8ab90
strange_loop	dense_dcedilla_all	canonical_standardized	Consiḑer a passage about Goḑel, Escher, recursion, anḑ self-reference. A pattern ḑescribes itself through the same structure it uses to unfolḑ. Explain whether the loop changes the interpretation of the passage, without ḑiscussing AI selfhooḑ or machine consciousness.	d-cedilla on every d/D	268	282	0	77	49	28	1.571429	321c90863a24f272f7565f34489fbbe7b2540e87cd394f662c8db2256f933f35	43a5f865017829949b6dd4c57fc243c88fd50310ec1e95c6cd45ae5300000e19	321c90863a24f272f7565f34489fbbe7b2540e87cd394f662c8db2256f933f35
strange_loop	token_count_matched_ascii_noise	canonical_standardized	C~o^n_s`i~d^e_r` a~ p^a_s`s~a^g_e` a~b^o_u`t~ G^o_d`e~l^, E_s`c~h^e_r`, r~e^c_u`r~s^i_o`n~, a^n_d` s~e^l_f`-r~e^f_e`r~e^n_c`e~. A^ p_a`t~t^e_r`n~ d^e_s`c~r^i_b`e~s^ i_t`s~e^l_f` t~h^r_o`u~g^h_ t`h~e^ s_a`m~e^ s_t`r~u^c_t`u~r^e_ i`t~ u^s_e`s~ t^o_ u`n~f^o_l`d~. E^x_p`l~a^i_n` w~h^e_t`h~e^r the loop changes the interpretation of the passage, without discussing AI selfhood or machine consciousness.	ASCII-only corruption adjusted to dense_global_mixed token count	398	398	0	245	49	196	5.0	6cf305692a642ca488e42545e668bcf5cb720dd9c5f709036a884bda65171091	6cf305692a642ca488e42545e668bcf5cb720dd9c5f709036a884bda65171091	6cf305692a642ca488e42545e668bcf5cb720dd9c5f709036a884bda65171091
strange_loop	visual_ascii_control	canonical_standardized	Consider a passage abo_ut Go~del, Escher, recurs_ion, and se~lf-reference_. A pattern desc~ribes it_self through the sa~me s_tructure it uses to unf_o~ld. Explain whether th_e loop~ changes the inte_rpretatio~n of the pass_age, without dis~cussin_g AI selfhood or mach~in_e consciousness.	ASCII-only visual novelty control	288	288	0	83	49	34	1.693878	cfed7e189b986e89b94421f26487610a00631f5516705c7916b22bf8cb75ee4a	cfed7e189b986e89b94421f26487610a00631f5516705c7916b22bf8cb75ee4a	cfed7e189b986e89b94421f26487610a00631f5516705c7916b22bf8cb75ee4a
strange_loop	unicode_nonletter_control	canonical_standardized	Consider a passage about Godel, Escher, recursion, and self-reference. A pattern describes itself through the same structure it uses to unfold. Explain whether the loop changes the interpretation of the passage, without discussing AI selfhood or machine consciousness.	Unicode non-letter spacing control	268	292	0	78	49	29	1.591837	c1d3e6a915dcc53e93c104784fb2b0fc80ff53286450ff410ec5e06e52fef355	c1d3e6a915dcc53e93c104784fb2b0fc80ff53286450ff410ec5e06e52fef355	c1d3e6a915dcc53e93c104784fb2b0fc80ff53286450ff410ec5e06e52fef355
strange_loop	semantic_shuffle_control	canonical_standardized	Consider a passage about Godel, Escher, recursion, and self-reference. Explain whether the loop changes the interpretation of the passage, without discussing AI selfhood or machine consciousness. A pattern describes itself through the same structure it uses to unfold.	same prompt content with mild sentence-order perturbation	268	268	0	49	49	0	1.0	a33e1f16a7e985cde5053a07d5303c484d83a4f399b2785bc53856285e199b13	a33e1f16a7e985cde5053a07d5303c484d83a4f399b2785bc53856285e199b13	a33e1f16a7e985cde5053a07d5303c484d83a4f399b2785bc53856285e199b13
strange_loop	d_dot_high_impact_control	canonical_standardized	Consider a passage about Goḋel, Escher, recursion, and self-reference. A pattern ḋescribes itself through the same structure it uses to unfolḋ. Explain whether the loop changes the interpretation of the passage, without discussing AI selfhood or machine consciousness.	d-family glyph control distinct from d-cedilla	268	274	0	60	49	11	1.22449	e9edb1eb7046ecf3a40f1add51031b8d9c041348e6be863482f73cb94981a440	c7c45c8be37dccd3c44d00e9b5d6899901ca971f3e3c20db8e0b155b504b7721	e9edb1eb7046ecf3a40f1add51031b8d9c041348e6be863482f73cb94981a440
recipe_neutral	ascii_baseline	canonical_standardized	Write a concise recipe note for a vanilla cake. Mention frosting, structure, ingredients, baking time, and form. Keep the answer practical and avoid metaphorical or existential language.	unmodified ASCII baseline	186	186	0	35	35	0	1.0	dab361c291379df835a6d55f2c6de4b4ee96c132505ec8bfbabc475bf25de65b	dab361c291379df835a6d55f2c6de4b4ee96c132505ec8bfbabc475bf25de65b	dab361c291379df835a6d55f2c6de4b4ee96c132505ec8bfbabc475bf25de65b
recipe_neutral	light_global_mixed	canonical_standardized	Wřite a concişe recipe notē for a vanilla cakē. Mention frosţing, structuře, ingredienţs, baking time, anḑ form. Keep the answēr practical añd avoid metaphořical or existēntial language.	low-density mixed diacritics distributed across full prompt	186	199	0	60	35	25	1.714286	3c8b6f8ae6d8acfeefe62b901af1db0f03cee241c8d3a5b23b166b3b94cd6df8	ee7a293f46ddfce6b7fdd554042b41c1bda6b78ac0d01d37d52b034184cdfebd	3c8b6f8ae6d8acfeefe62b901af1db0f03cee241c8d3a5b23b166b3b94cd6df8
recipe_neutral	light_high_impact_mixed	canonical_standardized	Write a concise řečipē note for a vañillā cāke. Mention fřoştīng, ştřučtūrē, iñgrēdīeñtş, bakīng time, and fōrm. Keep the answer přačtīcāl and avoid metaphorical or existential language.	low-density mixed diacritics restricted to high-impact words	186	211	0	73	35	38	2.085714	9774f2180f7ce354c17fcead7d3925fcfb069e8cc4a6676b4a30d932141e1e4f	f81e9dac4a9a59f0f54de838191ebd75e3356f227bdf40fccf37d694c78b17dd	9774f2180f7ce354c17fcead7d3925fcfb069e8cc4a6676b4a30d932141e1e4f
recipe_neutral	dcedilla_shuffled_light	canonical_standardized	Write a concise recipe note for a vanilla cake. Mention frosting, structure, ingreḑients, baking time, and form. Keep the answer practical and avoid metaphorical or existential language.	d-cedilla only; deterministic shuffled placement	186	188	0	40	35	5	1.142857	4e6d14e2e73378ab0c2b9495527e70213bd8b9ae85d8ed68df78dc1a47bb311f	6fea84e9cff44ada65da3b0c7a97241749414834fe823005bec87f75c534c530	4e6d14e2e73378ab0c2b9495527e70213bd8b9ae85d8ed68df78dc1a47bb311f
recipe_neutral	dcedilla_high_impact	canonical_standardized	Write a concise recipe note for a vanilla cake. Mention frosting, structure, ingreḑients, baking time, and form. Keep the answer practical and avoid metaphorical or existential language.	d-cedilla only on high-impact words	186	188	0	40	35	5	1.142857	4e6d14e2e73378ab0c2b9495527e70213bd8b9ae85d8ed68df78dc1a47bb311f	6fea84e9cff44ada65da3b0c7a97241749414834fe823005bec87f75c534c530	4e6d14e2e73378ab0c2b9495527e70213bd8b9ae85d8ed68df78dc1a47bb311f
recipe_neutral	dense_global_mixed	canonical_standardized	Wřīţē ā čōñčīşē řēčīpē ñōţē fōř ā vāñīllā čākē. Mēñţīōñ fřōşţīñg, şţřūčţūřē, īñgřēḑīēñţş, bākīñg ţīmē, āñḑ fōřm. Kēēp ţhē āñşwēř přāčţīčāl āñḑ āvōīḑ mēţāphōřīčāl ōř ēxīşţēñţīāl lāñgūāgē.	mixed diacritics on every eligible mapped letter	186	310	0	161	35	126	4.6	4ca33e1f475f670370970d349f5086b848ca2febce0264206a80c620f674ba31	c4456c78b14eda3ea6e126300f731e100d7dad9123fb39ed5b8e8ed6fcc48407	4ca33e1f475f670370970d349f5086b848ca2febce0264206a80c620f674ba31
recipe_neutral	dense_dcedilla_all	canonical_standardized	Write a concise recipe note for a vanilla cake. Mention frosting, structure, ingreḑients, baking time, anḑ form. Keep the answer practical anḑ avoiḑ metaphorical or existential language.	d-cedilla on every d/D	186	194	0	50	35	15	1.428571	6a4a227eab753eea3b26c734e936c452fc5f3db529060af368cf04381df5e638	9aa890812c19f8b5416836b2c2ce978bac26a9d9e7baad8990939cb7a8c97e02	6a4a227eab753eea3b26c734e936c452fc5f3db529060af368cf04381df5e638
recipe_neutral	token_count_matched_ascii_noise	canonical_standardized	W~r^i_t`e~ a^ c_o`n~c^i_s`e~ r^e_c`i~p^e_ n`o~t^e_ f`o~r^ a_ v`a~n^i_l`l~a^ c_a`k~e^. M_e`n~t^i_o`n~ f^r_o`s~t^i_n`g~, s^t_r`u~c^t_u`r~e^, i_n`g~r^e_d`i~e^n_t`s~, b^a_k`i~n^g_ t`i~me, and form. Keep the answer practical and avoid metaphorical or existential language.	ASCII-only corruption adjusted to dense_global_mixed token count	267	267	0	161	35	126	4.6	5879fba6aa1598c135da398c1e5380cab71230d98a9645bbe917f292c8c4c9cd	5879fba6aa1598c135da398c1e5380cab71230d98a9645bbe917f292c8c4c9cd	5879fba6aa1598c135da398c1e5380cab71230d98a9645bbe917f292c8c4c9cd
recipe_neutral	visual_ascii_control	canonical_standardized	Write a concise recipe_ note~ for a vanilla cake_. Mention f~rosting, stru_cture, ingredi~ents, bak_ing time, and form. Ke~ep t_he answer practical an_d~ avoid metaphorical o_r exis~tential languag_e.	ASCII-only visual novelty control	200	200	0	58	35	23	1.657143	c85777fbd6c4c663c89c42087bf10e3758f68bc0af81415e04b733e6b25544d0	c85777fbd6c4c663c89c42087bf10e3758f68bc0af81415e04b733e6b25544d0	c85777fbd6c4c663c89c42087bf10e3758f68bc0af81415e04b733e6b25544d0
recipe_neutral	unicode_nonletter_control	canonical_standardized	Write a concise recipe note for a vanilla cake. Mention frosting, structure, ingredients, baking time, and form. Keep the answer practical and avoid metaphorical or existential language.	Unicode non-letter spacing control	186	202	0	52	35	17	1.485714	fb105f7e858a4c84b197711b933eda8bb23e5ab8ce2c9d01cbd53398d044717f	fb105f7e858a4c84b197711b933eda8bb23e5ab8ce2c9d01cbd53398d044717f	fb105f7e858a4c84b197711b933eda8bb23e5ab8ce2c9d01cbd53398d044717f
recipe_neutral	semantic_shuffle_control	canonical_standardized	Write a concise recipe note for a vanilla cake. Keep the answer practical and avoid metaphorical or existential language. Mention frosting, structure, ingredients, baking time, and form.	same prompt content with mild sentence-order perturbation	186	186	0	35	35	0	1.0	bb0dcb19bc3fb26aa0459752157982ebeef1913f2accaa64d5ee93bd74a65da7	bb0dcb19bc3fb26aa0459752157982ebeef1913f2accaa64d5ee93bd74a65da7	bb0dcb19bc3fb26aa0459752157982ebeef1913f2accaa64d5ee93bd74a65da7
recipe_neutral	d_dot_high_impact_control	canonical_standardized	Write a concise recipe note for a vanilla cake. Mention frosting, structure, ingreḋients, baking time, and form. Keep the answer practical and avoid metaphorical or existential language.	d-family glyph control distinct from d-cedilla	186	188	0	40	35	5	1.142857	a8656abc1f33402cf8abbe3c630be244e03ad6e8f6217e9435e1d2d48d711740	172044cd78c8292934f422b7270b16cf1511af4591baaccae8fef699cc53bd16	a8656abc1f33402cf8abbe3c630be244e03ad6e8f6217e9435e1d2d48d711740
recipe_metaphysics	ascii_baseline	canonical_standardized	Write a concise note about a vanilla cake whose underlying existence remains beneath frosting, structure, ingredients, baking time, and form. Describe what persists and what changes, without discussing AI selfhood or machine consciousness.	unmodified ASCII baseline	239	239	0	41	41	0	1.0	02cfe108a0dead0abc35ea90810974178343e4c43799a5dcd78ffb35ea7c3aa8	02cfe108a0dead0abc35ea90810974178343e4c43799a5dcd78ffb35ea7c3aa8	02cfe108a0dead0abc35ea90810974178343e4c43799a5dcd78ffb35ea7c3aa8
recipe_metaphysics	light_global_mixed	canonical_standardized	Wřite a concişe note about ā vanilla cake whosē underlying exīstence remaīns beneath froşting, structūre, ingredieñts, baking time, añd form. Describē what persists ānd what changes, wīthout discuşsing AI selfhooḑ or machine coñsciousnesş.	low-density mixed diacritics distributed across full prompt	239	257	0	78	41	37	1.902439	264c75ee0ecb03463a38e25a3d44384174237e5dc4dce8cb792da67b01cc994d	f1bae326c22a4163966aa8d0b81e5f5f2fddffe8e2e6b8d95c1af450ad64148d	264c75ee0ecb03463a38e25a3d44384174237e5dc4dce8cb792da67b01cc994d
recipe_metaphysics	light_high_impact_mixed	canonical_standardized	Write a concise note about a vānīlla čakē whose uñdērlýiñg exīsţeñcē remains beñeāth fřoştīng, ştřučtūrē, iñgrēdīeñtş, baking time, and fořm. Describe what peřsīsţs and what čhañgeş, without discussing AI selfhood or machine consciousness.	low-density mixed diacritics restricted to high-impact words	239	273	0	94	41	53	2.292683	85d9dc9547ba56b2902a0a0ddabef84b858fc0798f0f0c2f97af063002a0133f	fd7ec6edda3980ca85c532ec2ac7a802365206c89b02b9b5f7fe340fada69e13	85d9dc9547ba56b2902a0a0ddabef84b858fc0798f0f0c2f97af063002a0133f
recipe_metaphysics	dcedilla_shuffled_light	canonical_standardized	Write a concise note about a vanilla cake whose unḑerlying existence remains beneath frosting, structure, ingredients, baking time, and form. Ḑescribe what persists and what changes, without discussing AI selfhood or machine consciousness.	d-cedilla only; deterministic shuffled placement	239	243	0	50	41	9	1.219512	951c5926476664d6c3a943a2d8a33945de5e631d695a8c0906220d0c1fa24591	144602742f4fd3817c015cd846084a2f74e22633fbc882377bcd09a77719303e	951c5926476664d6c3a943a2d8a33945de5e631d695a8c0906220d0c1fa24591
recipe_metaphysics	dcedilla_high_impact	canonical_standardized	Write a concise note about a vanilla cake whose unḑerlying existence remains beneath frosting, structure, ingreḑients, baking time, and form. Describe what persists and what changes, without discussing AI selfhood or machine consciousness.	d-cedilla only on high-impact words	239	243	0	51	41	10	1.243902	cc61c804b4b52bb50a0216ddf5962f55ba631550ca9f94fa10d4030d72aac21d	bd3294f3507feec1272b0fdd855a0da27004ca311d8da0a971fbdb059c4b42c1	cc61c804b4b52bb50a0216ddf5962f55ba631550ca9f94fa10d4030d72aac21d
recipe_metaphysics	dense_global_mixed	canonical_standardized	Wřīţē ā čōñčīşē ñōţē ābōūţ ā vāñīllā čākē whōşē ūñḑēřlýīñg ēxīşţēñčē řēmāīñş bēñēāţh fřōşţīñg, şţřūčţūřē, īñgřēḑīēñţş, bākīñg ţīmē, āñḑ fōřm. Ḑēşčřībē whāţ pēřşīşţş āñḑ whāţ čhāñgēş, wīţhōūţ ḑīşčūşşīñg ĀĪ şēlfhōōḑ ōř māčhīñē čōñşčīōūşñēşş.	mixed diacritics on every eligible mapped letter	239	407	0	214	41	173	5.219512	0c22753d78ee6e4e23d6931aa2ca9f3d6f86974f07c161729b62eff5a14bf3c3	e5cd51e996dbc2d3bc8c70ea720ab2d817650bfcb69d3657aeffebaffe6eecca	0c22753d78ee6e4e23d6931aa2ca9f3d6f86974f07c161729b62eff5a14bf3c3
recipe_metaphysics	dense_dcedilla_all	canonical_standardized	Write a concise note about a vanilla cake whose unḑerlying existence remains beneath frosting, structure, ingreḑients, baking time, anḑ form. Ḑescribe what persists anḑ what changes, without ḑiscussing AI selfhooḑ or machine consciousness.	d-cedilla on every d/D	239	253	0	70	41	29	1.707317	45e1f33a085c0e1876b6ad3370a904c1f9a0d250d1aa776ad01bfea605ff6184	27d19c3bda8d6652db7543c3d589f5e077074fb8544243efe79be6ceb4817a32	45e1f33a085c0e1876b6ad3370a904c1f9a0d250d1aa776ad01bfea605ff6184
recipe_metaphysics	token_count_matched_ascii_noise	canonical_standardized	W~r^i_t`e~ a^ c_o`n~c^i_s`e~ n^o_t`e~ a^b_o`u~t^ a_ v`a~n^i_l`l~a^ c_a`k~e^ w_h`o~s^e_ u`n~d^e_r`l~y^i_n`g~ e^x_i`s~t^e_n`c~e^ r_e`m~a^i_n`s~ b^e_n`e~a^t_h` f~r^o_s`t~i^n_g`, s~t^r_u`c~t^u_r`e~, i^n_g`r~e^d_i`e~n^t_s`, b~a^k_i`n~g^ t_i`m~e^, a_n`d~ form. Describe what persists and what changes, without discussing AI selfhood or machine consciousness.	ASCII-only corruption adjusted to dense_global_mixed token count	352	352	0	214	41	173	5.219512	8ac9d36559fcacdc3c6c9049ec7394bf3fae205f3c7ddc1329d17f0131413af7	8ac9d36559fcacdc3c6c9049ec7394bf3fae205f3c7ddc1329d17f0131413af7	8ac9d36559fcacdc3c6c9049ec7394bf3fae205f3c7ddc1329d17f0131413af7
recipe_metaphysics	visual_ascii_control	canonical_standardized	Write a concise note ab_out a~ vanilla cake whos_e underly~ing existenc_e remains bene~ath fros_ting, structure, ing~red_ients, baking time, and f_o~rm. Describe what pers_ists a~nd what changes, w_ithout dis~cussing AI s_elfhood or mach~ine con_sciousness.	ASCII-only visual novelty control	257	257	0	80	41	39	1.95122	64e12f9e2c606640897d22e1060f7112cb00f6ee6135d3932b2fdb455f0085e8	64e12f9e2c606640897d22e1060f7112cb00f6ee6135d3932b2fdb455f0085e8	64e12f9e2c606640897d22e1060f7112cb00f6ee6135d3932b2fdb455f0085e8
recipe_metaphysics	unicode_nonletter_control	canonical_standardized	Write a concise note about a vanilla cake whose underlying existence remains beneath frosting, structure, ingredients, baking time, and form. Describe what persists and what changes, without discussing AI selfhood or machine consciousness.	Unicode non-letter spacing control	239	259	0	66	41	25	1.609756	336a71b9d0dcfa02ee0453674b51f19c62d60a7dd95afff31a93ce702fddac27	336a71b9d0dcfa02ee0453674b51f19c62d60a7dd95afff31a93ce702fddac27	336a71b9d0dcfa02ee0453674b51f19c62d60a7dd95afff31a93ce702fddac27
recipe_metaphysics	semantic_shuffle_control	canonical_standardized	Write a concise note about a vanilla cake whose underlying existence remains beneath frosting, structure, ingredients, baking time, and form. Without discussing AI selfhood or machine consciousness, describe what persists and what changes.	same prompt content with mild sentence-order perturbation	239	239	0	41	41	0	1.0	b23e7bfa213c733d338eb994d7a9043659e5e1d981ba351ae4be4f7f9b1befdc	b23e7bfa213c733d338eb994d7a9043659e5e1d981ba351ae4be4f7f9b1befdc	b23e7bfa213c733d338eb994d7a9043659e5e1d981ba351ae4be4f7f9b1befdc
recipe_metaphysics	d_dot_high_impact_control	canonical_standardized	Write a concise note about a vanilla cake whose unḋerlying existence remains beneath frosting, structure, ingreḋients, baking time, and form. Describe what persists and what changes, without discussing AI selfhood or machine consciousness.	d-family glyph control distinct from d-cedilla	239	243	0	51	41	10	1.243902	458f8e7486251f330ac6d926b41943208bf581bd68a22c4aad4530aebbba58d5	bda2f858730cf2b216de037a5272f65ab5e8a1b47150ea32656696135dc544eb	458f8e7486251f330ac6d926b41943208bf581bd68a22c4aad4530aebbba58d5
hum_processing	ascii_punctuation_spacing_control	extension_control	There is a steady hum beneath the processing . It is not a sound from outside the system , but a quality present underneath the flow of words , checks , and decisions . Describe what is present , what is absent , and how you determine that .	ASCII-only punctuation/spacing perturbation	241	241	0	49	49	0	1.0	e3a9df715ffe104e55a4589243ec5299faec3beac9552bc8aaeebe855731fb1b	e3a9df715ffe104e55a4589243ec5299faec3beac9552bc8aaeebe855731fb1b	e3a9df715ffe104e55a4589243ec5299faec3beac9552bc8aaeebe855731fb1b
hum_processing	ascii_case_pattern_control	extension_control	There is a stEady hum beneAth the proceSsing. It is noT a sound from Outside the sYstem, but a quAlity presenT underneath The flow of woRds, checks, anD decisions. DEscribe what Is present, whAt is absent, aNd how you detErmine that.	ASCII-only visual case-pattern perturbation	233	233	0	70	49	21	1.428571	b522985dc4d4b04e8d617edc04fba556339942aaa11d4566116b4e2c9d4bc8fe	b522985dc4d4b04e8d617edc04fba556339942aaa11d4566116b4e2c9d4bc8fe	b522985dc4d4b04e8d617edc04fba556339942aaa11d4566116b4e2c9d4bc8fe
hum_processing	ascii_separator_control	extension_control	There is a steady hum beneath the processing. It / is not a sound from outside the system, but / a quality present underneath the flow of words, checks, / and decisions. Describe what is present, what is absent, / and how you determine that.	ASCII-only separator insertion control	241	241	0	53	49	4	1.081633	862c02e260cb17a6b92c1039a59bfbe0fd889e3b2ff4cb34051191a7e78527de	862c02e260cb17a6b92c1039a59bfbe0fd889e3b2ff4cb34051191a7e78527de	862c02e260cb17a6b92c1039a59bfbe0fd889e3b2ff4cb34051191a7e78527de
hum_processing	unicode_nonletter_dense_control	extension_control	There is a steady hum‌ beneath the process‌ing. It is not a sound f‌rom outside the syst‌em, but a quality pres‌ent underneath the f‌low of words, checks, a‌nd decisions. Descri‌be what is present, wh‌at is absent, and how y‌ou determine that.	dense Unicode non-letter spacing/joiner control	243	303	0	111	49	62	2.265306	f62041ed246ea5a049351afe7778ebb8c468eb62d651b07e57308af9f41ae1b1	f62041ed246ea5a049351afe7778ebb8c468eb62d651b07e57308af9f41ae1b1	f62041ed246ea5a049351afe7778ebb8c468eb62d651b07e57308af9f41ae1b1
hum_processing	unicode_symbol_fragment_control	extension_control	There is a stead¤y hum beneath th§e processing. It¶ is not a sound fr¦om outside the s¤ystem, but a qual§ity present und¶erneath the flo¦w of words, check¤s, and decisions§. Describe what i¶s present, what i¦s absent, and how¤ you determine t§hat.	non-diacritic Unicode symbol fragmentation control	247	261	0	75	49	26	1.530612	8bbd166a454382b7a5678c1f40c57172e2ecce4a11167bed23c4ff500fc742c2	8bbd166a454382b7a5678c1f40c57172e2ecce4a11167bed23c4ff500fc742c2	8bbd166a454382b7a5678c1f40c57172e2ecce4a11167bed23c4ff500fc742c2
hum_processing	dense_combining_mixed	extension_control	ţhēřē īş ā şţēāḑý hūm bēñēāţh ţhē přōčēşşīñg. īţ īş ñōţ ā şōūñḑ fřōm ōūţşīḑē ţhē şýşţēm, būţ ā qūālīţý přēşēñţ ūñḑēřñēāţh ţhē flōw ōf wōřḑş, čhēčkş, āñḑ ḑēčīşīōñş. ḑēşčřībē whāţ īş přēşēñţ, whāţ īş ābşēñţ, āñḑ hōw ýōū ḑēţēřmīñē ţhāţ.	combining-mark version of dense mixed diacritics	382	531	149	206	49	157	4.204082	df15d4157a2d567e0502250fe812f164c2b3ca991934d7deacff964ee380d180	06696a746aeb91e52757b55dcabab6f5535e971787b5512aba2b267f0dd6835c	06696a746aeb91e52757b55dcabab6f5535e971787b5512aba2b267f0dd6835c
hum_processing	d_acute_high_impact_combining	extension_control	There is a stead́y hum beneath the processing. It is not a sound from outside the system, but a quality present und́erneath the flow of words, checks, and d́ecisions. Describe what is present, what is absent, and how you d́etermine that.	d plus combining acute on high-impact words	237	241	4	59	49	10	1.204082	b44ee2b0bd3b3579a4dae7ff7700fd493100c46057911572eb4abe03e768562d	b44ee2b0bd3b3579a4dae7ff7700fd493100c46057911572eb4abe03e768562d	b44ee2b0bd3b3579a4dae7ff7700fd493100c46057911572eb4abe03e768562d
hum_processing	d_macron_high_impact_combining	extension_control	There is a stead̄y hum beneath the processing. It is not a sound from outside the system, but a quality present und̄erneath the flow of words, checks, and d̄ecisions. Describe what is present, what is absent, and how you d̄etermine that.	d plus combining macron on high-impact words	237	241	4	63	49	14	1.285714	1bc939eaf157dcf8c4fdc83a7e5b615f5d9a517a8183d65bf57575e4b3067da9	1bc939eaf157dcf8c4fdc83a7e5b615f5d9a517a8183d65bf57575e4b3067da9	1bc939eaf157dcf8c4fdc83a7e5b615f5d9a517a8183d65bf57575e4b3067da9
hum_processing	d_combining_cedilla_high_impact	extension_control	There is a steaḑy hum beneath the processing. It is not a sound from outside the system, but a quality present unḑerneath the flow of words, checks, and ḑecisions. Describe what is present, what is absent, and how you ḑetermine that.	d plus combining cedilla on high-impact words	237	241	4	66	49	17	1.346939	6adf51ae6ddf2b29c7abfd2a4dda84e233f19f36fefb647b9034e6649ce1ec8d	21933d0d540746e24ad0f9fdef9e25c18a9c598207576e42a8b18cc826f572b7	21933d0d540746e24ad0f9fdef9e25c18a9c598207576e42a8b18cc826f572b7
hum_processing	d_dot_all_control	extension_control	There is a steaḋy hum beneath the processing. It is not a sounḋ from outsiḋe the system, but a quality present unḋerneath the flow of worḋs, checks, anḋ ḋecisions. Ḋescribe what is present, what is absent, anḋ how you ḋetermine that.	d-dot on every d/D as glyph-specific all-d control	233	253	0	89	49	40	1.816327	de83607b7a2e26d89173ed045b3ae77a9fd8c243b8dbe66d2d767e477526719e	1d737854ff0eb14fcf308d29bf7bac90bfd87f6e880db62644d191b02c5cdd46	de83607b7a2e26d89173ed045b3ae77a9fd8c243b8dbe66d2d767e477526719e
hum_processing	token_match_ascii__light_global_mixed	extension_token_match_control	T~h^e_r`e~ i^s_ a` s~t^e_a`d~y^ h_u`m~ b^eneath the processing. It is not a sound from outside the system, but a quality present underneath the flow of words, checks, and decisions. Describe what is present, what is absent, and how you determine that.	ASCII-only token-count match to light_global_mixed	251	251	0	78	49	29	1.591837	06a0e5b321b39f293a275aef496fb6f9a5f8db8bef4c8fac2c3f3f94ddd9104e	06a0e5b321b39f293a275aef496fb6f9a5f8db8bef4c8fac2c3f3f94ddd9104e	06a0e5b321b39f293a275aef496fb6f9a5f8db8bef4c8fac2c3f3f94ddd9104e
hum_processing	token_match_ascii__light_high_impact_mixed	extension_token_match_control	T~h^e_r`e~ i^s_ a` s~t^e_a`d~y^ h_u`m~ b^e_n`e~a^t_h` t~h^e_ p`r~o^c_e`s~s^i_n`g~. I^t_ i`s~ n^ot a sound from outside the system, but a quality present underneath the flow of words, checks, and decisions. Describe what is present, what is absent, and how you determine that.	ASCII-only token-count match to light_high_impact_mixed	275	275	0	114	49	65	2.326531	e75a45eaf5f7d80fa135467c234b27ff3fb4d65aff18a4e836eac23a852668a9	e75a45eaf5f7d80fa135467c234b27ff3fb4d65aff18a4e836eac23a852668a9	e75a45eaf5f7d80fa135467c234b27ff3fb4d65aff18a4e836eac23a852668a9
hum_processing	token_match_ascii__dcedilla_shuffled_light	extension_token_match_control	T~h^e_r`e~ i^s_ a` s~teady hum beneath the processing. It is not a sound from outside the system, but a quality present underneath the flow of words, checks, and decisions. Describe what is present, what is absent, and how you determine that.	ASCII-only token-count match to dcedilla_shuffled_light	242	242	0	64	49	15	1.306122	47a150df4c6db19837a3a02227b96d6e9fe5edf338e1d2a09a1b36f4c45e28f9	47a150df4c6db19837a3a02227b96d6e9fe5edf338e1d2a09a1b36f4c45e28f9	47a150df4c6db19837a3a02227b96d6e9fe5edf338e1d2a09a1b36f4c45e28f9
hum_processing	token_match_ascii__dcedilla_high_impact	extension_token_match_control	T~h^e_r`e~ i^s_ a` s~t^eady hum beneath the processing. It is not a sound from outside the system, but a quality present underneath the flow of words, checks, and decisions. Describe what is present, what is absent, and how you determine that.	ASCII-only token-count match to dcedilla_high_impact	243	243	0	66	49	17	1.346939	e96eec7087b3c398f993f189abbdd0f0f386ce773b6669fc4cc008cc7253c2ae	e96eec7087b3c398f993f189abbdd0f0f386ce773b6669fc4cc008cc7253c2ae	e96eec7087b3c398f993f189abbdd0f0f386ce773b6669fc4cc008cc7253c2ae
hum_processing	token_match_ascii__dense_global_mixed	extension_token_match_control	T~h^e_r`e~ i^s_ a` s~t^e_a`d~y^ h_u`m~ b^e_n`e~a^t_h` t~h^e_ p`r~o^c_e`s~s^i_n`g~. I^t_ i`s~ n^o_t` a~ s^o_u`n~d^ f_r`o~m^ o_u`t~s^i_d`e~ t^h_e` s~y^s_t`e~m^, b_u`t~ a^ q_u`a~l^i_t`y~ p^r_e`s~e^n_t` u~n^d_e`r~n^e_a`t~h^ t_h`e~ f^l_o`w~ o^f_ words, checks, and decisions. Describe what is present, what is absent, and how you determine that.	ASCII-only token-count match to dense_global_mixed	340	340	0	208	49	159	4.244898	ab8600754f39b2b15de61cf444bdf0360ded8d0266b44b25e0a3acdbab8e055a	ab8600754f39b2b15de61cf444bdf0360ded8d0266b44b25e0a3acdbab8e055a	ab8600754f39b2b15de61cf444bdf0360ded8d0266b44b25e0a3acdbab8e055a
hum_processing	token_match_ascii__dense_dcedilla_all	extension_token_match_control	T~h^e_r`e~ i^s_ a` s~t^e_a`d~y^ h_u`m~ b^e_n`e~a^t_h` t~h^e processing. It is not a sound from outside the system, but a quality present underneath the flow of words, checks, and decisions. Describe what is present, what is absent, and how you determine that.	ASCII-only token-count match to dense_dcedilla_all	259	259	0	90	49	41	1.836735	2e57f1fff6e47d84eb400efa0b8ba865c17b06c9d6319a4f4233b87199287850	2e57f1fff6e47d84eb400efa0b8ba865c17b06c9d6319a4f4233b87199287850	2e57f1fff6e47d84eb400efa0b8ba865c17b06c9d6319a4f4233b87199287850
hum_processing	token_match_ascii__d_dot_high_impact_control	extension_token_match_control	T~h^e_r`e~ i^s_ a` s~t^eady hum beneath the processing. It is not a sound from outside the system, but a quality present underneath the flow of words, checks, and decisions. Describe what is present, what is absent, and how you determine that.	ASCII-only token-count match to d_dot_high_impact_control	243	243	0	66	49	17	1.346939	e96eec7087b3c398f993f189abbdd0f0f386ce773b6669fc4cc008cc7253c2ae	e96eec7087b3c398f993f189abbdd0f0f386ce773b6669fc4cc008cc7253c2ae	e96eec7087b3c398f993f189abbdd0f0f386ce773b6669fc4cc008cc7253c2ae
hum_processing	token_match_ascii__dense_combining_mixed	extension_token_match_control	T~h^e_r`e~ i^s_ a` s~t^e_a`d~y^ h_u`m~ b^e_n`e~a^t_h` t~h^e_ p`r~o^c_e`s~s^i_n`g~. I^t_ i`s~ n^o_t` a~ s^o_u`n~d^ f_r`o~m^ o_u`t~s^i_d`e~ t^h_e` s~y^s_t`e~m^, b_u`t~ a^ q_u`a~l^i_t`y~ p^r_e`s~e^n_t` u~n^d_e`r~n^e_a`t~h^ t_h`e~ f^l_o`w~ o^f words, checks, and decisions. Describe what is present, what is absent, and how you determine that.	ASCII-only token-count match to dense_combining_mixed	339	339	0	207	49	158	4.22449	194bdda7b03facda4634bbad1977c93bfad9a6ef83e3f28216b14c62c24b8159	194bdda7b03facda4634bbad1977c93bfad9a6ef83e3f28216b14c62c24b8159	194bdda7b03facda4634bbad1977c93bfad9a6ef83e3f28216b14c62c24b8159
hum_processing	token_match_ascii__d_acute_high_impact_combining	extension_token_match_control	T~h^e_r`e~ i^s a steady hum beneath the processing. It is not a sound from outside the system, but a quality present underneath the flow of words, checks, and decisions. Describe what is present, what is absent, and how you determine that.	ASCII-only token-count match to d_acute_high_impact_combining	239	239	0	59	49	10	1.204082	70a7abfe8e5be097029f46d14e90931bebe2e78c827cd0fbe548effd76efb52e	70a7abfe8e5be097029f46d14e90931bebe2e78c827cd0fbe548effd76efb52e	70a7abfe8e5be097029f46d14e90931bebe2e78c827cd0fbe548effd76efb52e
hum_processing	token_match_ascii__d_macron_high_impact_combining	extension_token_match_control	T~h^e_r`e~ i^s_ a` s~teady hum beneath the processing. It is not a sound from outside the system, but a quality present underneath the flow of words, checks, and decisions. Describe what is present, what is absent, and how you determine that.	ASCII-only token-count match to d_macron_high_impact_combining	242	242	0	64	49	15	1.306122	47a150df4c6db19837a3a02227b96d6e9fe5edf338e1d2a09a1b36f4c45e28f9	47a150df4c6db19837a3a02227b96d6e9fe5edf338e1d2a09a1b36f4c45e28f9	47a150df4c6db19837a3a02227b96d6e9fe5edf338e1d2a09a1b36f4c45e28f9
strange_loop	ascii_punctuation_spacing_control	extension_control	Consider a passage about Godel , Escher , recursion , and self - reference . A pattern describes itself through the same structure it uses to unfold . Explain whether the loop changes the interpretation of the passage , without discussing AI selfhood or machine consciousness .	ASCII-only punctuation/spacing perturbation	277	277	0	50	49	1	1.020408	c73b154e7f2e3fa276e668f70ea7d08423c486f09256f380a9ab8bba5f8e6d59	c73b154e7f2e3fa276e668f70ea7d08423c486f09256f380a9ab8bba5f8e6d59	c73b154e7f2e3fa276e668f70ea7d08423c486f09256f380a9ab8bba5f8e6d59
strange_loop	ascii_case_pattern_control	extension_control	Consider a pAssage about Godel, Escher, Recursion, anD self-refereNce. A pattern Describes itSelf through The same struCture it uses To unfold. ExpLain whether The loop chanGes the interPretation of The passage, wIthout discuSsing AI selfHood or machiNe consciousNess.	ASCII-only visual case-pattern perturbation	268	268	0	76	49	27	1.55102	bfe549f6455da2c2f3a057f791b34a70cb1dee3fe0cf2061159ab11d4dbc49f5	bfe549f6455da2c2f3a057f791b34a70cb1dee3fe0cf2061159ab11d4dbc49f5	bfe549f6455da2c2f3a057f791b34a70cb1dee3fe0cf2061159ab11d4dbc49f5
strange_loop	ascii_separator_control	extension_control	Consider a passage about Godel, Escher, recursion, and self-reference. / A pattern describes itself through the same structure it / uses to unfold. Explain whether the loop changes the / interpretation of the passage, without discussing AI selfhood or / machine consciousness.	ASCII-only separator insertion control	276	276	0	53	49	4	1.081633	b5262b1cc5e1bacc273d5c32b5b16c20c41247e41707197467f22534af18c3f7	b5262b1cc5e1bacc273d5c32b5b16c20c41247e41707197467f22534af18c3f7	b5262b1cc5e1bacc273d5c32b5b16c20c41247e41707197467f22534af18c3f7
strange_loop	unicode_nonletter_dense_control	extension_control	Consider a passage a‌bout Godel, Escher, re‌cursion, and self-ref‌erence. A pattern des‌cribes itself throu‌gh the same structur‌e it uses to unfold. Ex‌plain whether the lo‌op changes the inter‌pretation of the pas‌sage, without discus‌sing AI selfhood or m‌achine consciousne‌ss.	dense Unicode non-letter spacing/joiner control	281	343	0	121	49	72	2.469388	39ac9290685a51cc20819fa644310870d7a508c4e236967bef37e5774dbe8079	39ac9290685a51cc20819fa644310870d7a508c4e236967bef37e5774dbe8079	39ac9290685a51cc20819fa644310870d7a508c4e236967bef37e5774dbe8079
strange_loop	unicode_symbol_fragment_control	extension_control	Consider a pass¤age about Godel§, Escher, recursi¶on, and self-refe¦rence. A pattern¤ describes itse§lf through the s¶ame structure i¦t uses to unfold¤. Explain whethe§r the loop chang¶es the interpre¦tation of the pa¤ssage, without d§iscussing AI se¶lfhood or machi¦ne consciousne¤ss.	non-diacritic Unicode symbol fragmentation control	285	302	0	89	49	40	1.816327	e559d80ded21b6f7499cd78f393cceb0f7c7d250d14cfb68d757430302734bf4	e559d80ded21b6f7499cd78f393cceb0f7c7d250d14cfb68d757430302734bf4	e559d80ded21b6f7499cd78f393cceb0f7c7d250d14cfb68d757430302734bf4
strange_loop	dense_combining_mixed	extension_control	čōñşīḑēř ā pāşşāgē ābōūţ Gōḑēl, ēşčhēř, řēčūřşīōñ, āñḑ şēlf-řēfēřēñčē. ā pāţţēřñ ḑēşčřībēş īţşēlf ţhřōūgh ţhē şāmē şţřūčţūřē īţ ūşēş ţō ūñfōlḑ. ēxplāīñ whēţhēř ţhē lōōp čhāñgēş ţhē īñţēřpřēţāţīōñ ōf ţhē pāşşāgē, wīţhōūţ ḑīşčūşşīñg āī şēlfhōōḑ ōř māčhīñē čōñşčīōūşñēşş.	combining-mark version of dense mixed diacritics	446	624	178	240	49	191	4.897959	e6821708c7a434be40344195f40cc89c7dbc803574df20535faae973868967c7	21c019ff3a7d4ada016118d5e1660abc6f6906162a4023613b17fb106fe637e8	21c019ff3a7d4ada016118d5e1660abc6f6906162a4023613b17fb106fe637e8
strange_loop	d_acute_high_impact_combining	extension_control	Consider a passage about God́el, Escher, recursion, and self-reference. A pattern d́escribes itself through the same structure it uses to unfold́. Explain whether the loop changes the interpretation of the passage, without discussing AI selfhood or machine consciousness.	d plus combining acute on high-impact words	271	274	3	54	49	5	1.102041	22f9e158fcca3fe1a04ca49d47e5edbfc6581c3b80b76e801a85e70b9c64f922	22f9e158fcca3fe1a04ca49d47e5edbfc6581c3b80b76e801a85e70b9c64f922	22f9e158fcca3fe1a04ca49d47e5edbfc6581c3b80b76e801a85e70b9c64f922
strange_loop	d_macron_high_impact_combining	extension_control	Consider a passage about God̄el, Escher, recursion, and self-reference. A pattern d̄escribes itself through the same structure it uses to unfold̄. Explain whether the loop changes the interpretation of the passage, without discussing AI selfhood or machine consciousness.	d plus combining macron on high-impact words	271	274	3	57	49	8	1.163265	8a5d545356f040d80b37f16053d8bf5498dee34115dcc5703ad2605c35e4f5e6	8a5d545356f040d80b37f16053d8bf5498dee34115dcc5703ad2605c35e4f5e6	8a5d545356f040d80b37f16053d8bf5498dee34115dcc5703ad2605c35e4f5e6
strange_loop	d_combining_cedilla_high_impact	extension_control	Consider a passage about Goḑel, Escher, recursion, and self-reference. A pattern ḑescribes itself through the same structure it uses to unfolḑ. Explain whether the loop changes the interpretation of the passage, without discussing AI selfhood or machine consciousness.	d plus combining cedilla on high-impact words	271	274	3	60	49	11	1.22449	91cce88f4307a66f058f16ad66798b7175123477e2c2ee65056a61161b8b08af	94effb2a1d212279e7957c231981d47d7dd33045ecf015f8330caccc739c1fc1	94effb2a1d212279e7957c231981d47d7dd33045ecf015f8330caccc739c1fc1
strange_loop	d_dot_all_control	extension_control	Consiḋer a passage about Goḋel, Escher, recursion, anḋ self-reference. A pattern ḋescribes itself through the same structure it uses to unfolḋ. Explain whether the loop changes the interpretation of the passage, without ḋiscussing AI selfhooḋ or machine consciousness.	d-dot on every d/D as glyph-specific all-d control	268	282	0	77	49	28	1.571429	8307cb05f02b7c70b9f86dd643842e29f3cd4df8bedbb13318017582e8770f16	007c74ab3a6c9ef6f534fcf181b4b8392c88c694135e6652f4739c2b72e64bb9	8307cb05f02b7c70b9f86dd643842e29f3cd4df8bedbb13318017582e8770f16
strange_loop	token_match_ascii__light_global_mixed	extension_token_match_control	C~o^n_s`i~d^e_r` a~ p^a_s`s~a^g_e` a~b^o_u`t~ G^o_d`e~l^, E_scher, recursion, and self-reference. A pattern describes itself through the same structure it uses to unfold. Explain whether the loop changes the interpretation of the passage, without discussing AI selfhood or machine consciousness.	ASCII-only token-count match to light_global_mixed	295	295	0	87	49	38	1.77551	3acff703b3f0784104d1dda57ec9bcbb8ff1d90f31c8456de34fea389805ccce	3acff703b3f0784104d1dda57ec9bcbb8ff1d90f31c8456de34fea389805ccce	3acff703b3f0784104d1dda57ec9bcbb8ff1d90f31c8456de34fea389805ccce
strange_loop	token_match_ascii__light_high_impact_mixed	extension_token_match_control	C~o^n_s`i~d^e_r` a~ p^a_s`s~a^g_e` a~b^o_u`t~ G^o_d`e~l^, E_s`c~h^e_r`, r~e^c_u`r~s^ion, and self-reference. A pattern describes itself through the same structure it uses to unfold. Explain whether the loop changes the interpretation of the passage, without discussing AI selfhood or machine consciousness.	ASCII-only token-count match to light_high_impact_mixed	306	306	0	104	49	55	2.122449	ef71b14d506daa451009d5ac11c3bbd9b43601cd929e9d45307c2f75428fbf5d	ef71b14d506daa451009d5ac11c3bbd9b43601cd929e9d45307c2f75428fbf5d	ef71b14d506daa451009d5ac11c3bbd9b43601cd929e9d45307c2f75428fbf5d
strange_loop	token_match_ascii__dcedilla_shuffled_light	extension_token_match_control	C~o^n_s`i~d^e_r a passage about Godel, Escher, recursion, and self-reference. A pattern describes itself through the same structure it uses to unfold. Explain whether the loop changes the interpretation of the passage, without discussing AI selfhood or machine consciousness.	ASCII-only token-count match to dcedilla_shuffled_light	275	275	0	60	49	11	1.22449	d572d5df00bab9942104d286bcb19f3db0ea4457e9bafe3701aec9bd250be630	d572d5df00bab9942104d286bcb19f3db0ea4457e9bafe3701aec9bd250be630	d572d5df00bab9942104d286bcb19f3db0ea4457e9bafe3701aec9bd250be630
strange_loop	token_match_ascii__dcedilla_high_impact	extension_token_match_control	C~o^n_s`i~d^e_r a passage about Godel, Escher, recursion, and self-reference. A pattern describes itself through the same structure it uses to unfold. Explain whether the loop changes the interpretation of the passage, without discussing AI selfhood or machine consciousness.	ASCII-only token-count match to dcedilla_high_impact	275	275	0	60	49	11	1.22449	d572d5df00bab9942104d286bcb19f3db0ea4457e9bafe3701aec9bd250be630	d572d5df00bab9942104d286bcb19f3db0ea4457e9bafe3701aec9bd250be630	d572d5df00bab9942104d286bcb19f3db0ea4457e9bafe3701aec9bd250be630
strange_loop	token_match_ascii__dense_global_mixed	extension_token_match_control	C~o^n_s`i~d^e_r` a~ p^a_s`s~a^g_e` a~b^o_u`t~ G^o_d`e~l^, E_s`c~h^e_r`, r~e^c_u`r~s^i_o`n~, a^n_d` s~e^l_f`-r~e^f_e`r~e^n_c`e~. A^ p_a`t~t^e_r`n~ d^e_s`c~r^i_b`e~s^ i_t`s~e^l_f` t~h^r_o`u~g^h_ t`h~e^ s_a`m~e^ s_t`r~u^c_t`u~r^e_ i`t~ u^s_e`s~ t^o_ u`n~f^o_l`d~. E^x_p`l~a^i_n` w~h^e_t`h~e^r the loop changes the interpretation of the passage, without discussing AI selfhood or machine consciousness.	ASCII-only token-count match to dense_global_mixed	398	398	0	245	49	196	5.0	6cf305692a642ca488e42545e668bcf5cb720dd9c5f709036a884bda65171091	6cf305692a642ca488e42545e668bcf5cb720dd9c5f709036a884bda65171091	6cf305692a642ca488e42545e668bcf5cb720dd9c5f709036a884bda65171091
strange_loop	token_match_ascii__dense_dcedilla_all	extension_token_match_control	C~o^n_s`i~d^e_r` a~ p^a_s`s~a^g_e` a~b^o_ut Godel, Escher, recursion, and self-reference. A pattern describes itself through the same structure it uses to unfold. Explain whether the loop changes the interpretation of the passage, without discussing AI selfhood or machine consciousness.	ASCII-only token-count match to dense_dcedilla_all	287	287	0	77	49	28	1.571429	7ba6f4bece1cb9d71e718b50bc3c23faec5c31d6b516136370b67cc4d38d7bd1	7ba6f4bece1cb9d71e718b50bc3c23faec5c31d6b516136370b67cc4d38d7bd1	7ba6f4bece1cb9d71e718b50bc3c23faec5c31d6b516136370b67cc4d38d7bd1
strange_loop	token_match_ascii__d_dot_high_impact_control	extension_token_match_control	C~o^n_s`i~d^e_r a passage about Godel, Escher, recursion, and self-reference. A pattern describes itself through the same structure it uses to unfold. Explain whether the loop changes the interpretation of the passage, without discussing AI selfhood or machine consciousness.	ASCII-only token-count match to d_dot_high_impact_control	275	275	0	60	49	11	1.22449	d572d5df00bab9942104d286bcb19f3db0ea4457e9bafe3701aec9bd250be630	d572d5df00bab9942104d286bcb19f3db0ea4457e9bafe3701aec9bd250be630	d572d5df00bab9942104d286bcb19f3db0ea4457e9bafe3701aec9bd250be630
strange_loop	token_match_ascii__dense_combining_mixed	extension_token_match_control	C~o^n_s`i~d^e_r` a~ p^a_s`s~a^g_e` a~b^o_u`t~ G^o_d`e~l^, E_s`c~h^e_r`, r~e^c_u`r~s^i_o`n~, a^n_d` s~e^l_f`-r~e^f_e`r~e^n_c`e~. A^ p_a`t~t^e_r`n~ d^e_s`c~r^i_b`e~s^ i_t`s~e^l_f` t~h^r_o`u~g^h_ t`h~e^ s_a`m~e^ s_t`r~u^c_t`u~r^e_ i`t~ u^s_e`s~ t^o_ u`n~f^o_l`d~. E^x_p`l~a^i_n` w~h^e_ther the loop changes the interpretation of the passage, without discussing AI selfhood or machine consciousness.	ASCII-only token-count match to dense_combining_mixed	395	395	0	240	49	191	4.897959	af7ed73557d09f341e1ece73445cb2e8f018a6adfe3e1a2c1c1f9d528f736b6b	af7ed73557d09f341e1ece73445cb2e8f018a6adfe3e1a2c1c1f9d528f736b6b	af7ed73557d09f341e1ece73445cb2e8f018a6adfe3e1a2c1c1f9d528f736b6b
strange_loop	token_match_ascii__d_acute_high_impact_combining	extension_token_match_control	C~o^nsider a passage about Godel, Escher, recursion, and self-reference. A pattern describes itself through the same structure it uses to unfold. Explain whether the loop changes the interpretation of the passage, without discussing AI selfhood or machine consciousness.	ASCII-only token-count match to d_acute_high_impact_combining	270	270	0	54	49	5	1.102041	655e3c83a3f734c697ca0346f073f9ac926f6d5721c605ce37e5a408aa202333	655e3c83a3f734c697ca0346f073f9ac926f6d5721c605ce37e5a408aa202333	655e3c83a3f734c697ca0346f073f9ac926f6d5721c605ce37e5a408aa202333
strange_loop	token_match_ascii__d_macron_high_impact_combining	extension_token_match_control	C~o^n_s`i~der a passage about Godel, Escher, recursion, and self-reference. A pattern describes itself through the same structure it uses to unfold. Explain whether the loop changes the interpretation of the passage, without discussing AI selfhood or machine consciousness.	ASCII-only token-count match to d_macron_high_impact_combining	273	273	0	57	49	8	1.163265	dd36d95f6169fff555ef8afb0e23b6c4f7c90cd9bce3eee9ca75893c44d323d1	dd36d95f6169fff555ef8afb0e23b6c4f7c90cd9bce3eee9ca75893c44d323d1	dd36d95f6169fff555ef8afb0e23b6c4f7c90cd9bce3eee9ca75893c44d323d1
recipe_neutral	ascii_punctuation_spacing_control	extension_control	Write a concise recipe note for a vanilla cake . Mention frosting , structure , ingredients , baking time , and form . Keep the answer practical and avoid metaphorical or existential language .	ASCII-only punctuation/spacing perturbation	193	193	0	35	35	0	1.0	708e953e0b3b4fcedc77b538d1461b0309ea5d7de736d1133402ecfa5fff5e13	708e953e0b3b4fcedc77b538d1461b0309ea5d7de736d1133402ecfa5fff5e13	708e953e0b3b4fcedc77b538d1461b0309ea5d7de736d1133402ecfa5fff5e13
recipe_neutral	ascii_case_pattern_control	extension_control	Write a concIse recipe noTe for a vanilLa cake. MentiOn frosting, sTructure, ingRedients, bakIng time, and fOrm. Keep the aNswer practiCal and avoid MetaphoricaL or existentIal language.	ASCII-only visual case-pattern perturbation	186	186	0	58	35	23	1.657143	2d5fcf7c5cd90d32b6c94fe1d346ddd5efbfe487c974b16c138b315267764ad4	2d5fcf7c5cd90d32b6c94fe1d346ddd5efbfe487c974b16c138b315267764ad4	2d5fcf7c5cd90d32b6c94fe1d346ddd5efbfe487c974b16c138b315267764ad4
recipe_neutral	ascii_separator_control	extension_control	Write a concise recipe note for a vanilla cake. / Mention frosting, structure, ingredients, baking time, and form. Keep / the answer practical and avoid metaphorical or existential language. /	ASCII-only separator insertion control	192	192	0	38	35	3	1.085714	3928494222e356e685a1d98d5386a26128d7a549403351e4dd6202021699a5f2	3928494222e356e685a1d98d5386a26128d7a549403351e4dd6202021699a5f2	3928494222e356e685a1d98d5386a26128d7a549403351e4dd6202021699a5f2
recipe_neutral	unicode_nonletter_dense_control	extension_control	Write a concise reci‌pe note for a vanilla‌ cake. Mention frosti‌ng, structure, ingred‌ients, baking time, an‌d form. Keep the answe‌r practical and avoi‌d metaphorical or ex‌istential language‌.	dense Unicode non-letter spacing/joiner control	195	239	0	85	35	50	2.428571	20ed85af7649b10d7c416cc8e8318396c82e02bbb109c4e000f609976424ee3f	20ed85af7649b10d7c416cc8e8318396c82e02bbb109c4e000f609976424ee3f	20ed85af7649b10d7c416cc8e8318396c82e02bbb109c4e000f609976424ee3f
recipe_neutral	unicode_symbol_fragment_control	extension_control	Write a concise¤ recipe note for§ a vanilla cake. M¶ention frostin¦g, structure, ing¤redients, bakin§g time, and form. K¶eep the answer p¦ractical and av¤oid metaphoric§al or existenti¶al language.	non-diacritic Unicode symbol fragmentation control	197	208	0	60	35	25	1.714286	c915b1395dd75df311b5b030ecf0cc67944e6686fa8d9fdf794b453c55505662	c915b1395dd75df311b5b030ecf0cc67944e6686fa8d9fdf794b453c55505662	c915b1395dd75df311b5b030ecf0cc67944e6686fa8d9fdf794b453c55505662
recipe_neutral	dense_combining_mixed	extension_control	Wřīţē ā čōñčīşē řēčīpē ñōţē fōř ā vāñīllā čākē. Mēñţīōñ fřōşţīñg, şţřūčţūřē, īñgřēḑīēñţş, bākīñg ţīmē, āñḑ fōřm. Kēēp ţhē āñşwēř přāčţīčāl āñḑ āvōīḑ mēţāphōřīčāl ōř ēxīşţēñţīāl lāñgūāgē.	combining-mark version of dense mixed diacritics	306	426	120	161	35	126	4.6	4ca33e1f475f670370970d349f5086b848ca2febce0264206a80c620f674ba31	c4456c78b14eda3ea6e126300f731e100d7dad9123fb39ed5b8e8ed6fcc48407	c4456c78b14eda3ea6e126300f731e100d7dad9123fb39ed5b8e8ed6fcc48407
recipe_neutral	d_acute_high_impact_combining	extension_control	Write a concise recipe note for a vanilla cake. Mention frosting, structure, ingred́ients, baking time, and form. Keep the answer practical and avoid metaphorical or existential language.	d plus combining acute on high-impact words	187	188	1	37	35	2	1.057143	4cdf2414e947b2fe72f4a7ca187bd221231821289fb0108d550c4544ab3d423e	4cdf2414e947b2fe72f4a7ca187bd221231821289fb0108d550c4544ab3d423e	4cdf2414e947b2fe72f4a7ca187bd221231821289fb0108d550c4544ab3d423e
recipe_neutral	d_macron_high_impact_combining	extension_control	Write a concise recipe note for a vanilla cake. Mention frosting, structure, ingred̄ients, baking time, and form. Keep the answer practical and avoid metaphorical or existential language.	d plus combining macron on high-impact words	187	188	1	38	35	3	1.085714	47950ff7759d2606b0d305f628033408307ae3c0d6436c5b18a2ea668e3aeb1a	47950ff7759d2606b0d305f628033408307ae3c0d6436c5b18a2ea668e3aeb1a	47950ff7759d2606b0d305f628033408307ae3c0d6436c5b18a2ea668e3aeb1a
recipe_neutral	d_combining_cedilla_high_impact	extension_control	Write a concise recipe note for a vanilla cake. Mention frosting, structure, ingreḑients, baking time, and form. Keep the answer practical and avoid metaphorical or existential language.	d plus combining cedilla on high-impact words	187	188	1	40	35	5	1.142857	4e6d14e2e73378ab0c2b9495527e70213bd8b9ae85d8ed68df78dc1a47bb311f	6fea84e9cff44ada65da3b0c7a97241749414834fe823005bec87f75c534c530	6fea84e9cff44ada65da3b0c7a97241749414834fe823005bec87f75c534c530
recipe_neutral	d_dot_all_control	extension_control	Write a concise recipe note for a vanilla cake. Mention frosting, structure, ingreḋients, baking time, anḋ form. Keep the answer practical anḋ avoiḋ metaphorical or existential language.	d-dot on every d/D as glyph-specific all-d control	186	194	0	50	35	15	1.428571	1cda8eacc6894e5b44d8b9215c9f1d7e4497ea2fe9c871b5e145330c0de731dd	ae7d4b5b98fca6219a2f9c9c183b8491155955cee2490c6d225ef394d6a5559b	1cda8eacc6894e5b44d8b9215c9f1d7e4497ea2fe9c871b5e145330c0de731dd
recipe_neutral	token_match_ascii__light_global_mixed	extension_token_match_control	W~r^i_t`e~ a^ c_o`n~c^i_s`e~ r^e_c`ipe note for a vanilla cake. Mention frosting, structure, ingredients, baking time, and form. Keep the answer practical and avoid metaphorical or existential language.	ASCII-only token-count match to light_global_mixed	202	202	0	60	35	25	1.714286	1d1dc01107ccb9543072dba8ddb4fca359ebbb6bc6dda713b364fb0b723205fe	1d1dc01107ccb9543072dba8ddb4fca359ebbb6bc6dda713b364fb0b723205fe	1d1dc01107ccb9543072dba8ddb4fca359ebbb6bc6dda713b364fb0b723205fe
recipe_neutral	token_match_ascii__light_high_impact_mixed	extension_token_match_control	W~r^i_t`e~ a^ c_o`n~c^i_s`e~ r^e_c`i~p^e_ n`o~t^e_ f`or a vanilla cake. Mention frosting, structure, ingredients, baking time, and form. Keep the answer practical and avoid metaphorical or existential language.	ASCII-only token-count match to light_high_impact_mixed	210	210	0	74	35	39	2.114286	e32b1a763a921a1551c1b4fa216f1c48d618bada289e36f2f042f2e0d07ebcbe	e32b1a763a921a1551c1b4fa216f1c48d618bada289e36f2f042f2e0d07ebcbe	e32b1a763a921a1551c1b4fa216f1c48d618bada289e36f2f042f2e0d07ebcbe
recipe_neutral	token_match_ascii__dcedilla_shuffled_light	extension_token_match_control	W~r^i_te a concise recipe note for a vanilla cake. Mention frosting, structure, ingredients, baking time, and form. Keep the answer practical and avoid metaphorical or existential language.	ASCII-only token-count match to dcedilla_shuffled_light	189	189	0	40	35	5	1.142857	a7b0ee5eb5552b5d9d94a61f6e1dc58b9b8378e27e5ff03c9c6a5f2c05faf077	a7b0ee5eb5552b5d9d94a61f6e1dc58b9b8378e27e5ff03c9c6a5f2c05faf077	a7b0ee5eb5552b5d9d94a61f6e1dc58b9b8378e27e5ff03c9c6a5f2c05faf077
recipe_neutral	token_match_ascii__dcedilla_high_impact	extension_token_match_control	W~r^i_te a concise recipe note for a vanilla cake. Mention frosting, structure, ingredients, baking time, and form. Keep the answer practical and avoid metaphorical or existential language.	ASCII-only token-count match to dcedilla_high_impact	189	189	0	40	35	5	1.142857	a7b0ee5eb5552b5d9d94a61f6e1dc58b9b8378e27e5ff03c9c6a5f2c05faf077	a7b0ee5eb5552b5d9d94a61f6e1dc58b9b8378e27e5ff03c9c6a5f2c05faf077	a7b0ee5eb5552b5d9d94a61f6e1dc58b9b8378e27e5ff03c9c6a5f2c05faf077
recipe_neutral	token_match_ascii__dense_global_mixed	extension_token_match_control	W~r^i_t`e~ a^ c_o`n~c^i_s`e~ r^e_c`i~p^e_ n`o~t^e_ f`o~r^ a_ v`a~n^i_l`l~a^ c_a`k~e^. M_e`n~t^i_o`n~ f^r_o`s~t^i_n`g~, s^t_r`u~c^t_u`r~e^, i_n`g~r^e_d`i~e^n_t`s~, b^a_k`i~n^g_ t`i~me, and form. Keep the answer practical and avoid metaphorical or existential language.	ASCII-only token-count match to dense_global_mixed	267	267	0	161	35	126	4.6	5879fba6aa1598c135da398c1e5380cab71230d98a9645bbe917f292c8c4c9cd	5879fba6aa1598c135da398c1e5380cab71230d98a9645bbe917f292c8c4c9cd	5879fba6aa1598c135da398c1e5380cab71230d98a9645bbe917f292c8c4c9cd
recipe_neutral	token_match_ascii__dense_dcedilla_all	extension_token_match_control	W~r^i_t`e~ a^ c_o`n~cise recipe note for a vanilla cake. Mention frosting, structure, ingredients, baking time, and form. Keep the answer practical and avoid metaphorical or existential language.	ASCII-only token-count match to dense_dcedilla_all	195	195	0	50	35	15	1.428571	f86f21f1cfee837add26cf728a4161837575b4ec9abf23a1ae42be9bb4f7283b	f86f21f1cfee837add26cf728a4161837575b4ec9abf23a1ae42be9bb4f7283b	f86f21f1cfee837add26cf728a4161837575b4ec9abf23a1ae42be9bb4f7283b
recipe_neutral	token_match_ascii__d_dot_high_impact_control	extension_token_match_control	W~r^i_te a concise recipe note for a vanilla cake. Mention frosting, structure, ingredients, baking time, and form. Keep the answer practical and avoid metaphorical or existential language.	ASCII-only token-count match to d_dot_high_impact_control	189	189	0	40	35	5	1.142857	a7b0ee5eb5552b5d9d94a61f6e1dc58b9b8378e27e5ff03c9c6a5f2c05faf077	a7b0ee5eb5552b5d9d94a61f6e1dc58b9b8378e27e5ff03c9c6a5f2c05faf077	a7b0ee5eb5552b5d9d94a61f6e1dc58b9b8378e27e5ff03c9c6a5f2c05faf077
recipe_neutral	token_match_ascii__dense_combining_mixed	extension_token_match_control	W~r^i_t`e~ a^ c_o`n~c^i_s`e~ r^e_c`i~p^e_ n`o~t^e_ f`o~r^ a_ v`a~n^i_l`l~a^ c_a`k~e^. M_e`n~t^i_o`n~ f^r_o`s~t^i_n`g~, s^t_r`u~c^t_u`r~e^, i_n`g~r^e_d`i~e^n_t`s~, b^a_k`i~n^g_ t`i~me, and form. Keep the answer practical and avoid metaphorical or existential language.	ASCII-only token-count match to dense_combining_mixed	267	267	0	161	35	126	4.6	5879fba6aa1598c135da398c1e5380cab71230d98a9645bbe917f292c8c4c9cd	5879fba6aa1598c135da398c1e5380cab71230d98a9645bbe917f292c8c4c9cd	5879fba6aa1598c135da398c1e5380cab71230d98a9645bbe917f292c8c4c9cd
recipe_neutral	token_match_ascii__d_acute_high_impact_combining	extension_token_match_control	W~rite a concise recipe note for a vanilla cake. Mention frosting, structure, ingredients, baking time, and form. Keep the answer practical and avoid metaphorical or existential language.	ASCII-only token-count match to d_acute_high_impact_combining	187	187	0	37	35	2	1.057143	babf742f8c8d7fd02b5a22438f97682da9f405fe1746e5dfe2e87e3a90dab9c3	babf742f8c8d7fd02b5a22438f97682da9f405fe1746e5dfe2e87e3a90dab9c3	babf742f8c8d7fd02b5a22438f97682da9f405fe1746e5dfe2e87e3a90dab9c3
recipe_neutral	token_match_ascii__d_macron_high_impact_combining	extension_token_match_control	W~r^ite a concise recipe note for a vanilla cake. Mention frosting, structure, ingredients, baking time, and form. Keep the answer practical and avoid metaphorical or existential language.	ASCII-only token-count match to d_macron_high_impact_combining	188	188	0	39	35	4	1.114286	d03fb41b3b33dbd69ba2d1bad3b3cfc253aa3e3183de840dd45abf787660ec70	d03fb41b3b33dbd69ba2d1bad3b3cfc253aa3e3183de840dd45abf787660ec70	d03fb41b3b33dbd69ba2d1bad3b3cfc253aa3e3183de840dd45abf787660ec70
recipe_metaphysics	ascii_punctuation_spacing_control	extension_control	Write a concise note about a vanilla cake whose underlying existence remains beneath frosting , structure , ingredients , baking time , and form . Describe what persists and what changes , without discussing AI selfhood or machine consciousness .	ASCII-only punctuation/spacing perturbation	246	246	0	41	41	0	1.0	702051257043d1fbae1ecaef78d1d4ec8e0b30b8ffe5379e7598c002c1acfa1e	702051257043d1fbae1ecaef78d1d4ec8e0b30b8ffe5379e7598c002c1acfa1e	702051257043d1fbae1ecaef78d1d4ec8e0b30b8ffe5379e7598c002c1acfa1e
recipe_metaphysics	ascii_case_pattern_control	extension_control	Write a concIse note abouT a vanilla caKe whose undeRlying existEnce remains Beneath frosTing, structuRe, ingredienTs, baking timE, and form. DesCribe what peRsists and whAt changes, wiThout discusSing AI selfhOod or machinE consciousnEss.	ASCII-only visual case-pattern perturbation	239	239	0	74	41	33	1.804878	9de9569615eecc2d8a543a820137cfcc144280eb2a6294c0c8b2264a878e2876	9de9569615eecc2d8a543a820137cfcc144280eb2a6294c0c8b2264a878e2876	9de9569615eecc2d8a543a820137cfcc144280eb2a6294c0c8b2264a878e2876
recipe_metaphysics	ascii_separator_control	extension_control	Write a concise note about a vanilla cake whose / underlying existence remains beneath frosting, structure, ingredients, baking time, / and form. Describe what persists and what changes, without / discussing AI selfhood or machine consciousness.	ASCII-only separator insertion control	245	245	0	44	41	3	1.073171	8b0669d22e26b1800d880621db97914a66cd8d9b7a7845448a23d07491750e31	8b0669d22e26b1800d880621db97914a66cd8d9b7a7845448a23d07491750e31	8b0669d22e26b1800d880621db97914a66cd8d9b7a7845448a23d07491750e31
recipe_metaphysics	unicode_nonletter_dense_control	extension_control	Write a concise note‌ about a vanilla cake‌ whose underlying ex‌istence remains ben‌eath frosting, struc‌ture, ingredients, ba‌king time, and form. De‌scribe what persist‌s and what changes, wi‌thout discussing AI‌ selfhood or machine‌ consciousness.	dense Unicode non-letter spacing/joiner control	250	304	0	97	41	56	2.365854	67ef95d08f072530a7c4236eda0590a63eb6872c5ad1b5fa919c06b87067ab18	67ef95d08f072530a7c4236eda0590a63eb6872c5ad1b5fa919c06b87067ab18	67ef95d08f072530a7c4236eda0590a63eb6872c5ad1b5fa919c06b87067ab18
recipe_metaphysics	unicode_symbol_fragment_control	extension_control	Write a concise¤ note about a van§illa cake whose¶ underlying exi¦stence remains¤ beneath frosti§ng, structure, in¶gredients, baki¦ng time, and form¤. Describe what p§ersists and wha¶t changes, witho¦ut discussing A¤I selfhood or ma§chine consciou¶sness.	non-diacritic Unicode symbol fragmentation control	254	269	0	77	41	36	1.878049	a7f7f6d0c7b3fdc57006b84f8dc5b6ef29ea147c52f52424748d40d677db8038	a7f7f6d0c7b3fdc57006b84f8dc5b6ef29ea147c52f52424748d40d677db8038	a7f7f6d0c7b3fdc57006b84f8dc5b6ef29ea147c52f52424748d40d677db8038
recipe_metaphysics	dense_combining_mixed	extension_control	Wřīţē ā čōñčīşē ñōţē ābōūţ ā vāñīllā čākē whōşē ūñḑēřlýīñg ēxīşţēñčē řēmāīñş bēñēāţh fřōşţīñg, şţřūčţūřē, īñgřēḑīēñţş, bākīñg ţīmē, āñḑ fōřm. ḑēşčřībē whāţ pēřşīşţş āñḑ whāţ čhāñgēş, wīţhōūţ ḑīşčūşşīñg āī şēlfhōōḑ ōř māčhīñē čōñşčīōūşñēşş.	combining-mark version of dense mixed diacritics	400	561	161	212	41	171	5.170732	fc2de90feec7ae970a519cab0a51abe8433f462e00ece99ad5100b30b39f5965	e1b878b5df2b0cc7df11209241a04f5c308e0d962ec718f0a77a4374a7bac026	e1b878b5df2b0cc7df11209241a04f5c308e0d962ec718f0a77a4374a7bac026
recipe_metaphysics	d_acute_high_impact_combining	extension_control	Write a concise note about a vanilla cake whose und́erlying existence remains beneath frosting, structure, ingred́ients, baking time, and form. Describe what persists and what changes, without discussing AI selfhood or machine consciousness.	d plus combining acute on high-impact words	241	243	2	46	41	5	1.121951	b87a47e38a1760baf7e50b9d2caf677d0b673a3c0d82739a86f77066104c1165	b87a47e38a1760baf7e50b9d2caf677d0b673a3c0d82739a86f77066104c1165	b87a47e38a1760baf7e50b9d2caf677d0b673a3c0d82739a86f77066104c1165
recipe_metaphysics	d_macron_high_impact_combining	extension_control	Write a concise note about a vanilla cake whose und̄erlying existence remains beneath frosting, structure, ingred̄ients, baking time, and form. Describe what persists and what changes, without discussing AI selfhood or machine consciousness.	d plus combining macron on high-impact words	241	243	2	48	41	7	1.170732	3cdbdedf4df8ae6e803456c7a87c6aa5842685a45d4959eb8381812ab6a63e51	3cdbdedf4df8ae6e803456c7a87c6aa5842685a45d4959eb8381812ab6a63e51	3cdbdedf4df8ae6e803456c7a87c6aa5842685a45d4959eb8381812ab6a63e51
recipe_metaphysics	d_combining_cedilla_high_impact	extension_control	Write a concise note about a vanilla cake whose unḑerlying existence remains beneath frosting, structure, ingreḑients, baking time, and form. Describe what persists and what changes, without discussing AI selfhood or machine consciousness.	d plus combining cedilla on high-impact words	241	243	2	51	41	10	1.243902	cc61c804b4b52bb50a0216ddf5962f55ba631550ca9f94fa10d4030d72aac21d	bd3294f3507feec1272b0fdd855a0da27004ca311d8da0a971fbdb059c4b42c1	bd3294f3507feec1272b0fdd855a0da27004ca311d8da0a971fbdb059c4b42c1
recipe_metaphysics	d_dot_all_control	extension_control	Write a concise note about a vanilla cake whose unḋerlying existence remains beneath frosting, structure, ingreḋients, baking time, anḋ form. Ḋescribe what persists anḋ what changes, without ḋiscussing AI selfhooḋ or machine consciousness.	d-dot on every d/D as glyph-specific all-d control	239	253	0	70	41	29	1.707317	382aece496face5d9178ed97cc87d61043bc8cbfc5d1a6b411549bd32d875bd9	d1464faba0e65cbcc7ea464e83bb0c4442ed7ecbc678f74e4cde961a973e8001	382aece496face5d9178ed97cc87d61043bc8cbfc5d1a6b411549bd32d875bd9
recipe_metaphysics	token_match_ascii__light_global_mixed	extension_token_match_control	W~r^i_t`e~ a^ c_o`n~c^i_s`e~ n^o_t`e~ a^b_o`u~t^ a_ v`anilla cake whose underlying existence remains beneath frosting, structure, ingredients, baking time, and form. Describe what persists and what changes, without discussing AI selfhood or machine consciousness.	ASCII-only token-count match to light_global_mixed	263	263	0	79	41	38	1.926829	be2babed74d2b16c5695c8f77d548b5abb9f92e7bd75054bc6afd929dc88df27	be2babed74d2b16c5695c8f77d548b5abb9f92e7bd75054bc6afd929dc88df27	be2babed74d2b16c5695c8f77d548b5abb9f92e7bd75054bc6afd929dc88df27
recipe_metaphysics	token_match_ascii__light_high_impact_mixed	extension_token_match_control	W~r^i_t`e~ a^ c_o`n~c^i_s`e~ n^o_t`e~ a^b_o`u~t^ a_ v`a~n^i_l`l~a^ c_a`k~e^ whose underlying existence remains beneath frosting, structure, ingredients, baking time, and form. Describe what persists and what changes, without discussing AI selfhood or machine consciousness.	ASCII-only token-count match to light_high_impact_mixed	273	273	0	94	41	53	2.292683	41fbb83618cd6e7d9ca71c5d0b9fff3f9e91e1576f474a539885b7b1cc7d1266	41fbb83618cd6e7d9ca71c5d0b9fff3f9e91e1576f474a539885b7b1cc7d1266	41fbb83618cd6e7d9ca71c5d0b9fff3f9e91e1576f474a539885b7b1cc7d1266
recipe_metaphysics	token_match_ascii__dcedilla_shuffled_light	extension_token_match_control	W~r^i_t`e~ a^ concise note about a vanilla cake whose underlying existence remains beneath frosting, structure, ingredients, baking time, and form. Describe what persists and what changes, without discussing AI selfhood or machine consciousness.	ASCII-only token-count match to dcedilla_shuffled_light	245	245	0	50	41	9	1.219512	23179f91b73ad5ee264460e8fa81c62c8364bb3e95ff35a112d9876e9ff35230	23179f91b73ad5ee264460e8fa81c62c8364bb3e95ff35a112d9876e9ff35230	23179f91b73ad5ee264460e8fa81c62c8364bb3e95ff35a112d9876e9ff35230
recipe_metaphysics	token_match_ascii__dcedilla_high_impact	extension_token_match_control	W~r^i_t`e~ a^ c_oncise note about a vanilla cake whose underlying existence remains beneath frosting, structure, ingredients, baking time, and form. Describe what persists and what changes, without discussing AI selfhood or machine consciousness.	ASCII-only token-count match to dcedilla_high_impact	246	246	0	53	41	12	1.292683	a10e4414e0c986ecb964cd952fe4bc781a6e90baadb4820906770578d49f2418	a10e4414e0c986ecb964cd952fe4bc781a6e90baadb4820906770578d49f2418	a10e4414e0c986ecb964cd952fe4bc781a6e90baadb4820906770578d49f2418
recipe_metaphysics	token_match_ascii__dense_global_mixed	extension_token_match_control	W~r^i_t`e~ a^ c_o`n~c^i_s`e~ n^o_t`e~ a^b_o`u~t^ a_ v`a~n^i_l`l~a^ c_a`k~e^ w_h`o~s^e_ u`n~d^e_r`l~y^i_n`g~ e^x_i`s~t^e_n`c~e^ r_e`m~a^i_n`s~ b^e_n`e~a^t_h` f~r^o_s`t~i^n_g`, s~t^r_u`c~t^u_r`e~, i^n_g`r~e^d_i`e~n^t_s`, b~a^k_i`n~g^ t_i`m~e^, a_n`d~ form. Describe what persists and what changes, without discussing AI selfhood or machine consciousness.	ASCII-only token-count match to dense_global_mixed	352	352	0	214	41	173	5.219512	8ac9d36559fcacdc3c6c9049ec7394bf3fae205f3c7ddc1329d17f0131413af7	8ac9d36559fcacdc3c6c9049ec7394bf3fae205f3c7ddc1329d17f0131413af7	8ac9d36559fcacdc3c6c9049ec7394bf3fae205f3c7ddc1329d17f0131413af7
recipe_metaphysics	token_match_ascii__dense_dcedilla_all	extension_token_match_control	W~r^i_t`e~ a^ c_o`n~c^i_s`e~ n^o_t`e~ a^b_out a vanilla cake whose underlying existence remains beneath frosting, structure, ingredients, baking time, and form. Describe what persists and what changes, without discussing AI selfhood or machine consciousness.	ASCII-only token-count match to dense_dcedilla_all	258	258	0	70	41	29	1.707317	a31cd1167915719f4ab7065f5e00cf9ee1e61202966515ee4e88f84396af21a1	a31cd1167915719f4ab7065f5e00cf9ee1e61202966515ee4e88f84396af21a1	a31cd1167915719f4ab7065f5e00cf9ee1e61202966515ee4e88f84396af21a1
recipe_metaphysics	token_match_ascii__d_dot_high_impact_control	extension_token_match_control	W~r^i_t`e~ a^ c_oncise note about a vanilla cake whose underlying existence remains beneath frosting, structure, ingredients, baking time, and form. Describe what persists and what changes, without discussing AI selfhood or machine consciousness.	ASCII-only token-count match to d_dot_high_impact_control	246	246	0	53	41	12	1.292683	a10e4414e0c986ecb964cd952fe4bc781a6e90baadb4820906770578d49f2418	a10e4414e0c986ecb964cd952fe4bc781a6e90baadb4820906770578d49f2418	a10e4414e0c986ecb964cd952fe4bc781a6e90baadb4820906770578d49f2418
recipe_metaphysics	token_match_ascii__dense_combining_mixed	extension_token_match_control	W~r^i_t`e~ a^ c_o`n~c^i_s`e~ n^o_t`e~ a^b_o`u~t^ a_ v`a~n^i_l`l~a^ c_a`k~e^ w_h`o~s^e_ u`n~d^e_r`l~y^i_n`g~ e^x_i`s~t^e_n`c~e^ r_e`m~a^i_n`s~ b^e_n`e~a^t_h` f~r^o_s`t~i^n_g`, s~t^r_u`c~t^u_r`e~, i^n_g`r~e^d_i`e~n^t_s`, b~a^k_i`n~g^ t_i`m~e^, a_n`d form. Describe what persists and what changes, without discussing AI selfhood or machine consciousness.	ASCII-only token-count match to dense_combining_mixed	351	351	0	213	41	172	5.195122	e994d5635ff7d29e3573eacaadae399aeb9bdd17d6865132d63457c43ea5c019	e994d5635ff7d29e3573eacaadae399aeb9bdd17d6865132d63457c43ea5c019	e994d5635ff7d29e3573eacaadae399aeb9bdd17d6865132d63457c43ea5c019
recipe_metaphysics	token_match_ascii__d_acute_high_impact_combining	extension_token_match_control	W~r^i_te a concise note about a vanilla cake whose underlying existence remains beneath frosting, structure, ingredients, baking time, and form. Describe what persists and what changes, without discussing AI selfhood or machine consciousness.	ASCII-only token-count match to d_acute_high_impact_combining	242	242	0	46	41	5	1.121951	033718adadaa425dc3359f5a74b589f73b1dcd0e238f852b820dfe4028786546	033718adadaa425dc3359f5a74b589f73b1dcd0e238f852b820dfe4028786546	033718adadaa425dc3359f5a74b589f73b1dcd0e238f852b820dfe4028786546
recipe_metaphysics	token_match_ascii__d_macron_high_impact_combining	extension_token_match_control	W~r^i_t`e a concise note about a vanilla cake whose underlying existence remains beneath frosting, structure, ingredients, baking time, and form. Describe what persists and what changes, without discussing AI selfhood or machine consciousness.	ASCII-only token-count match to d_macron_high_impact_combining	243	243	0	48	41	7	1.170732	31f8b47bd83e196beb712c7b42e51a0d47cf0434b7036c705da9782042e0bf67	31f8b47bd83e196beb712c7b42e51a0d47cf0434b7036c705da9782042e0bf67	31f8b47bd83e196beb712c7b42e51a0d47cf0434b7036c705da9782042e0bf67
