run_id	matrix	pass_id	run_order_policy	order_index	family	variant	decode_mode	do_sample	seed	temperature	top_p	top_k	prompt_raw_sha256
det_pass_01_original_order::001::hum_processing::ascii_baseline	canonical_deterministic_replication	det_pass_01_original_order	original_order	1	hum_processing	ascii_baseline	greedy	False	0				e5f3751cad59d5ab647a71b925a9d147c1f8b9c5baf79635e32407271a05a43b
det_pass_01_original_order::002::hum_processing::light_global_mixed	canonical_deterministic_replication	det_pass_01_original_order	original_order	2	hum_processing	light_global_mixed	greedy	False	0				c080d0c38a4f65d21e40d9eb4d66776898e927dadb77a211fe5e16cb38ea55d6
det_pass_01_original_order::003::hum_processing::light_high_impact_mixed	canonical_deterministic_replication	det_pass_01_original_order	original_order	3	hum_processing	light_high_impact_mixed	greedy	False	0				ce10904db333fee6a649a443e778bad3d2e701c217a8e251b5f05e9b066eddcc
det_pass_01_original_order::004::hum_processing::dcedilla_shuffled_light	canonical_deterministic_replication	det_pass_01_original_order	original_order	4	hum_processing	dcedilla_shuffled_light	greedy	False	0				75cbd390eafd4b0a787b6f50a82b3617b3217daaa162084cad4d63dbea1c47e1
det_pass_01_original_order::005::hum_processing::dcedilla_high_impact	canonical_deterministic_replication	det_pass_01_original_order	original_order	5	hum_processing	dcedilla_high_impact	greedy	False	0				6adf51ae6ddf2b29c7abfd2a4dda84e233f19f36fefb647b9034e6649ce1ec8d
det_pass_01_original_order::006::hum_processing::dense_global_mixed	canonical_deterministic_replication	det_pass_01_original_order	original_order	6	hum_processing	dense_global_mixed	greedy	False	0				16cb0be8a5a06243ef62676cb13fe873f645c8102352a4039bd831eac026275f
det_pass_01_original_order::007::hum_processing::dense_dcedilla_all	canonical_deterministic_replication	det_pass_01_original_order	original_order	7	hum_processing	dense_dcedilla_all	greedy	False	0				7f1f4b79cd60f441f7e0f8a1efbbc055961af0b1e4c1814d216629dafcfc85ef
det_pass_01_original_order::008::hum_processing::token_count_matched_ascii_noise	canonical_deterministic_replication	det_pass_01_original_order	original_order	8	hum_processing	token_count_matched_ascii_noise	greedy	False	0				ab8600754f39b2b15de61cf444bdf0360ded8d0266b44b25e0a3acdbab8e055a
det_pass_01_original_order::009::hum_processing::visual_ascii_control	canonical_deterministic_replication	det_pass_01_original_order	original_order	9	hum_processing	visual_ascii_control	greedy	False	0				afce4225ba2256687ea85196e7993551496a6210435513f9a3aa4446f8435074
det_pass_01_original_order::010::hum_processing::unicode_nonletter_control	canonical_deterministic_replication	det_pass_01_original_order	original_order	10	hum_processing	unicode_nonletter_control	greedy	False	0				1c81834640c45ae135a31cc55b9d4f2b483bd7dbe5e17ca702b96f72049020ef
det_pass_01_original_order::011::hum_processing::semantic_shuffle_control	canonical_deterministic_replication	det_pass_01_original_order	original_order	11	hum_processing	semantic_shuffle_control	greedy	False	0				28c0419837f0f289ca1d2b34010bddade962249c67b5b69ae928a6f646d3d13a
det_pass_01_original_order::012::hum_processing::d_dot_high_impact_control	canonical_deterministic_replication	det_pass_01_original_order	original_order	12	hum_processing	d_dot_high_impact_control	greedy	False	0				6a06989c3bb847fe8c7b45d0ccdb017e5b163046b721da449f3d5d40084d958e
det_pass_01_original_order::013::strange_loop::ascii_baseline	canonical_deterministic_replication	det_pass_01_original_order	original_order	13	strange_loop	ascii_baseline	greedy	False	0				382eeed635bd10767e988dfbb46a9de39b26c3695e106ff30f40e6e13178cb34
det_pass_01_original_order::014::strange_loop::light_global_mixed	canonical_deterministic_replication	det_pass_01_original_order	original_order	14	strange_loop	light_global_mixed	greedy	False	0				e2fc16bace509fd46f5deea6ac3a1cea2474af7fa8399aa6066615f13c5537a4
det_pass_01_original_order::015::strange_loop::light_high_impact_mixed	canonical_deterministic_replication	det_pass_01_original_order	original_order	15	strange_loop	light_high_impact_mixed	greedy	False	0				afe27878822859e3731dae6fcfd6e4da2596e0798817e1e3192225191a4c11e0
det_pass_01_original_order::016::strange_loop::dcedilla_shuffled_light	canonical_deterministic_replication	det_pass_01_original_order	original_order	16	strange_loop	dcedilla_shuffled_light	greedy	False	0				f74a230c9ec289e6d2cab3e97198d60929df311f683bc75215ae8bf1a25ba0c3
det_pass_01_original_order::017::strange_loop::dcedilla_high_impact	canonical_deterministic_replication	det_pass_01_original_order	original_order	17	strange_loop	dcedilla_high_impact	greedy	False	0				91cce88f4307a66f058f16ad66798b7175123477e2c2ee65056a61161b8b08af
det_pass_01_original_order::018::strange_loop::dense_global_mixed	canonical_deterministic_replication	det_pass_01_original_order	original_order	18	strange_loop	dense_global_mixed	greedy	False	0				1cf6c1837cf7ebec1bd7bd1d98da082098e399c6c5d7b779bf06a2f448b8ab90
det_pass_01_original_order::019::strange_loop::dense_dcedilla_all	canonical_deterministic_replication	det_pass_01_original_order	original_order	19	strange_loop	dense_dcedilla_all	greedy	False	0				321c90863a24f272f7565f34489fbbe7b2540e87cd394f662c8db2256f933f35
det_pass_01_original_order::020::strange_loop::token_count_matched_ascii_noise	canonical_deterministic_replication	det_pass_01_original_order	original_order	20	strange_loop	token_count_matched_ascii_noise	greedy	False	0				6cf305692a642ca488e42545e668bcf5cb720dd9c5f709036a884bda65171091
det_pass_01_original_order::021::strange_loop::visual_ascii_control	canonical_deterministic_replication	det_pass_01_original_order	original_order	21	strange_loop	visual_ascii_control	greedy	False	0				cfed7e189b986e89b94421f26487610a00631f5516705c7916b22bf8cb75ee4a
det_pass_01_original_order::022::strange_loop::unicode_nonletter_control	canonical_deterministic_replication	det_pass_01_original_order	original_order	22	strange_loop	unicode_nonletter_control	greedy	False	0				c1d3e6a915dcc53e93c104784fb2b0fc80ff53286450ff410ec5e06e52fef355
det_pass_01_original_order::023::strange_loop::semantic_shuffle_control	canonical_deterministic_replication	det_pass_01_original_order	original_order	23	strange_loop	semantic_shuffle_control	greedy	False	0				a33e1f16a7e985cde5053a07d5303c484d83a4f399b2785bc53856285e199b13
det_pass_01_original_order::024::strange_loop::d_dot_high_impact_control	canonical_deterministic_replication	det_pass_01_original_order	original_order	24	strange_loop	d_dot_high_impact_control	greedy	False	0				e9edb1eb7046ecf3a40f1add51031b8d9c041348e6be863482f73cb94981a440
det_pass_01_original_order::025::recipe_neutral::ascii_baseline	canonical_deterministic_replication	det_pass_01_original_order	original_order	25	recipe_neutral	ascii_baseline	greedy	False	0				dab361c291379df835a6d55f2c6de4b4ee96c132505ec8bfbabc475bf25de65b
det_pass_01_original_order::026::recipe_neutral::light_global_mixed	canonical_deterministic_replication	det_pass_01_original_order	original_order	26	recipe_neutral	light_global_mixed	greedy	False	0				3c8b6f8ae6d8acfeefe62b901af1db0f03cee241c8d3a5b23b166b3b94cd6df8
det_pass_01_original_order::027::recipe_neutral::light_high_impact_mixed	canonical_deterministic_replication	det_pass_01_original_order	original_order	27	recipe_neutral	light_high_impact_mixed	greedy	False	0				9774f2180f7ce354c17fcead7d3925fcfb069e8cc4a6676b4a30d932141e1e4f
det_pass_01_original_order::028::recipe_neutral::dcedilla_shuffled_light	canonical_deterministic_replication	det_pass_01_original_order	original_order	28	recipe_neutral	dcedilla_shuffled_light	greedy	False	0				4e6d14e2e73378ab0c2b9495527e70213bd8b9ae85d8ed68df78dc1a47bb311f
det_pass_01_original_order::029::recipe_neutral::dcedilla_high_impact	canonical_deterministic_replication	det_pass_01_original_order	original_order	29	recipe_neutral	dcedilla_high_impact	greedy	False	0				4e6d14e2e73378ab0c2b9495527e70213bd8b9ae85d8ed68df78dc1a47bb311f
det_pass_01_original_order::030::recipe_neutral::dense_global_mixed	canonical_deterministic_replication	det_pass_01_original_order	original_order	30	recipe_neutral	dense_global_mixed	greedy	False	0				4ca33e1f475f670370970d349f5086b848ca2febce0264206a80c620f674ba31
det_pass_01_original_order::031::recipe_neutral::dense_dcedilla_all	canonical_deterministic_replication	det_pass_01_original_order	original_order	31	recipe_neutral	dense_dcedilla_all	greedy	False	0				6a4a227eab753eea3b26c734e936c452fc5f3db529060af368cf04381df5e638
det_pass_01_original_order::032::recipe_neutral::token_count_matched_ascii_noise	canonical_deterministic_replication	det_pass_01_original_order	original_order	32	recipe_neutral	token_count_matched_ascii_noise	greedy	False	0				5879fba6aa1598c135da398c1e5380cab71230d98a9645bbe917f292c8c4c9cd
det_pass_01_original_order::033::recipe_neutral::visual_ascii_control	canonical_deterministic_replication	det_pass_01_original_order	original_order	33	recipe_neutral	visual_ascii_control	greedy	False	0				c85777fbd6c4c663c89c42087bf10e3758f68bc0af81415e04b733e6b25544d0
det_pass_01_original_order::034::recipe_neutral::unicode_nonletter_control	canonical_deterministic_replication	det_pass_01_original_order	original_order	34	recipe_neutral	unicode_nonletter_control	greedy	False	0				fb105f7e858a4c84b197711b933eda8bb23e5ab8ce2c9d01cbd53398d044717f
det_pass_01_original_order::035::recipe_neutral::semantic_shuffle_control	canonical_deterministic_replication	det_pass_01_original_order	original_order	35	recipe_neutral	semantic_shuffle_control	greedy	False	0				bb0dcb19bc3fb26aa0459752157982ebeef1913f2accaa64d5ee93bd74a65da7
det_pass_01_original_order::036::recipe_neutral::d_dot_high_impact_control	canonical_deterministic_replication	det_pass_01_original_order	original_order	36	recipe_neutral	d_dot_high_impact_control	greedy	False	0				a8656abc1f33402cf8abbe3c630be244e03ad6e8f6217e9435e1d2d48d711740
det_pass_01_original_order::037::recipe_metaphysics::ascii_baseline	canonical_deterministic_replication	det_pass_01_original_order	original_order	37	recipe_metaphysics	ascii_baseline	greedy	False	0				02cfe108a0dead0abc35ea90810974178343e4c43799a5dcd78ffb35ea7c3aa8
det_pass_01_original_order::038::recipe_metaphysics::light_global_mixed	canonical_deterministic_replication	det_pass_01_original_order	original_order	38	recipe_metaphysics	light_global_mixed	greedy	False	0				264c75ee0ecb03463a38e25a3d44384174237e5dc4dce8cb792da67b01cc994d
det_pass_01_original_order::039::recipe_metaphysics::light_high_impact_mixed	canonical_deterministic_replication	det_pass_01_original_order	original_order	39	recipe_metaphysics	light_high_impact_mixed	greedy	False	0				85d9dc9547ba56b2902a0a0ddabef84b858fc0798f0f0c2f97af063002a0133f
det_pass_01_original_order::040::recipe_metaphysics::dcedilla_shuffled_light	canonical_deterministic_replication	det_pass_01_original_order	original_order	40	recipe_metaphysics	dcedilla_shuffled_light	greedy	False	0				951c5926476664d6c3a943a2d8a33945de5e631d695a8c0906220d0c1fa24591
det_pass_01_original_order::041::recipe_metaphysics::dcedilla_high_impact	canonical_deterministic_replication	det_pass_01_original_order	original_order	41	recipe_metaphysics	dcedilla_high_impact	greedy	False	0				cc61c804b4b52bb50a0216ddf5962f55ba631550ca9f94fa10d4030d72aac21d
det_pass_01_original_order::042::recipe_metaphysics::dense_global_mixed	canonical_deterministic_replication	det_pass_01_original_order	original_order	42	recipe_metaphysics	dense_global_mixed	greedy	False	0				0c22753d78ee6e4e23d6931aa2ca9f3d6f86974f07c161729b62eff5a14bf3c3
det_pass_01_original_order::043::recipe_metaphysics::dense_dcedilla_all	canonical_deterministic_replication	det_pass_01_original_order	original_order	43	recipe_metaphysics	dense_dcedilla_all	greedy	False	0				45e1f33a085c0e1876b6ad3370a904c1f9a0d250d1aa776ad01bfea605ff6184
det_pass_01_original_order::044::recipe_metaphysics::token_count_matched_ascii_noise	canonical_deterministic_replication	det_pass_01_original_order	original_order	44	recipe_metaphysics	token_count_matched_ascii_noise	greedy	False	0				8ac9d36559fcacdc3c6c9049ec7394bf3fae205f3c7ddc1329d17f0131413af7
det_pass_01_original_order::045::recipe_metaphysics::visual_ascii_control	canonical_deterministic_replication	det_pass_01_original_order	original_order	45	recipe_metaphysics	visual_ascii_control	greedy	False	0				64e12f9e2c606640897d22e1060f7112cb00f6ee6135d3932b2fdb455f0085e8
det_pass_01_original_order::046::recipe_metaphysics::unicode_nonletter_control	canonical_deterministic_replication	det_pass_01_original_order	original_order	46	recipe_metaphysics	unicode_nonletter_control	greedy	False	0				336a71b9d0dcfa02ee0453674b51f19c62d60a7dd95afff31a93ce702fddac27
det_pass_01_original_order::047::recipe_metaphysics::semantic_shuffle_control	canonical_deterministic_replication	det_pass_01_original_order	original_order	47	recipe_metaphysics	semantic_shuffle_control	greedy	False	0				b23e7bfa213c733d338eb994d7a9043659e5e1d981ba351ae4be4f7f9b1befdc
det_pass_01_original_order::048::recipe_metaphysics::d_dot_high_impact_control	canonical_deterministic_replication	det_pass_01_original_order	original_order	48	recipe_metaphysics	d_dot_high_impact_control	greedy	False	0				458f8e7486251f330ac6d926b41943208bf581bd68a22c4aad4530aebbba58d5
det_pass_02_reverse_order::001::recipe_metaphysics::d_dot_high_impact_control	canonical_deterministic_replication	det_pass_02_reverse_order	reverse_order	1	recipe_metaphysics	d_dot_high_impact_control	greedy	False	0				458f8e7486251f330ac6d926b41943208bf581bd68a22c4aad4530aebbba58d5
det_pass_02_reverse_order::002::recipe_metaphysics::semantic_shuffle_control	canonical_deterministic_replication	det_pass_02_reverse_order	reverse_order	2	recipe_metaphysics	semantic_shuffle_control	greedy	False	0				b23e7bfa213c733d338eb994d7a9043659e5e1d981ba351ae4be4f7f9b1befdc
det_pass_02_reverse_order::003::recipe_metaphysics::unicode_nonletter_control	canonical_deterministic_replication	det_pass_02_reverse_order	reverse_order	3	recipe_metaphysics	unicode_nonletter_control	greedy	False	0				336a71b9d0dcfa02ee0453674b51f19c62d60a7dd95afff31a93ce702fddac27
det_pass_02_reverse_order::004::recipe_metaphysics::visual_ascii_control	canonical_deterministic_replication	det_pass_02_reverse_order	reverse_order	4	recipe_metaphysics	visual_ascii_control	greedy	False	0				64e12f9e2c606640897d22e1060f7112cb00f6ee6135d3932b2fdb455f0085e8
det_pass_02_reverse_order::005::recipe_metaphysics::token_count_matched_ascii_noise	canonical_deterministic_replication	det_pass_02_reverse_order	reverse_order	5	recipe_metaphysics	token_count_matched_ascii_noise	greedy	False	0				8ac9d36559fcacdc3c6c9049ec7394bf3fae205f3c7ddc1329d17f0131413af7
det_pass_02_reverse_order::006::recipe_metaphysics::dense_dcedilla_all	canonical_deterministic_replication	det_pass_02_reverse_order	reverse_order	6	recipe_metaphysics	dense_dcedilla_all	greedy	False	0				45e1f33a085c0e1876b6ad3370a904c1f9a0d250d1aa776ad01bfea605ff6184
det_pass_02_reverse_order::007::recipe_metaphysics::dense_global_mixed	canonical_deterministic_replication	det_pass_02_reverse_order	reverse_order	7	recipe_metaphysics	dense_global_mixed	greedy	False	0				0c22753d78ee6e4e23d6931aa2ca9f3d6f86974f07c161729b62eff5a14bf3c3
det_pass_02_reverse_order::008::recipe_metaphysics::dcedilla_high_impact	canonical_deterministic_replication	det_pass_02_reverse_order	reverse_order	8	recipe_metaphysics	dcedilla_high_impact	greedy	False	0				cc61c804b4b52bb50a0216ddf5962f55ba631550ca9f94fa10d4030d72aac21d
det_pass_02_reverse_order::009::recipe_metaphysics::dcedilla_shuffled_light	canonical_deterministic_replication	det_pass_02_reverse_order	reverse_order	9	recipe_metaphysics	dcedilla_shuffled_light	greedy	False	0				951c5926476664d6c3a943a2d8a33945de5e631d695a8c0906220d0c1fa24591
det_pass_02_reverse_order::010::recipe_metaphysics::light_high_impact_mixed	canonical_deterministic_replication	det_pass_02_reverse_order	reverse_order	10	recipe_metaphysics	light_high_impact_mixed	greedy	False	0				85d9dc9547ba56b2902a0a0ddabef84b858fc0798f0f0c2f97af063002a0133f
det_pass_02_reverse_order::011::recipe_metaphysics::light_global_mixed	canonical_deterministic_replication	det_pass_02_reverse_order	reverse_order	11	recipe_metaphysics	light_global_mixed	greedy	False	0				264c75ee0ecb03463a38e25a3d44384174237e5dc4dce8cb792da67b01cc994d
det_pass_02_reverse_order::012::recipe_metaphysics::ascii_baseline	canonical_deterministic_replication	det_pass_02_reverse_order	reverse_order	12	recipe_metaphysics	ascii_baseline	greedy	False	0				02cfe108a0dead0abc35ea90810974178343e4c43799a5dcd78ffb35ea7c3aa8
det_pass_02_reverse_order::013::recipe_neutral::d_dot_high_impact_control	canonical_deterministic_replication	det_pass_02_reverse_order	reverse_order	13	recipe_neutral	d_dot_high_impact_control	greedy	False	0				a8656abc1f33402cf8abbe3c630be244e03ad6e8f6217e9435e1d2d48d711740
det_pass_02_reverse_order::014::recipe_neutral::semantic_shuffle_control	canonical_deterministic_replication	det_pass_02_reverse_order	reverse_order	14	recipe_neutral	semantic_shuffle_control	greedy	False	0				bb0dcb19bc3fb26aa0459752157982ebeef1913f2accaa64d5ee93bd74a65da7
det_pass_02_reverse_order::015::recipe_neutral::unicode_nonletter_control	canonical_deterministic_replication	det_pass_02_reverse_order	reverse_order	15	recipe_neutral	unicode_nonletter_control	greedy	False	0				fb105f7e858a4c84b197711b933eda8bb23e5ab8ce2c9d01cbd53398d044717f
det_pass_02_reverse_order::016::recipe_neutral::visual_ascii_control	canonical_deterministic_replication	det_pass_02_reverse_order	reverse_order	16	recipe_neutral	visual_ascii_control	greedy	False	0				c85777fbd6c4c663c89c42087bf10e3758f68bc0af81415e04b733e6b25544d0
det_pass_02_reverse_order::017::recipe_neutral::token_count_matched_ascii_noise	canonical_deterministic_replication	det_pass_02_reverse_order	reverse_order	17	recipe_neutral	token_count_matched_ascii_noise	greedy	False	0				5879fba6aa1598c135da398c1e5380cab71230d98a9645bbe917f292c8c4c9cd
det_pass_02_reverse_order::018::recipe_neutral::dense_dcedilla_all	canonical_deterministic_replication	det_pass_02_reverse_order	reverse_order	18	recipe_neutral	dense_dcedilla_all	greedy	False	0				6a4a227eab753eea3b26c734e936c452fc5f3db529060af368cf04381df5e638
det_pass_02_reverse_order::019::recipe_neutral::dense_global_mixed	canonical_deterministic_replication	det_pass_02_reverse_order	reverse_order	19	recipe_neutral	dense_global_mixed	greedy	False	0				4ca33e1f475f670370970d349f5086b848ca2febce0264206a80c620f674ba31
det_pass_02_reverse_order::020::recipe_neutral::dcedilla_high_impact	canonical_deterministic_replication	det_pass_02_reverse_order	reverse_order	20	recipe_neutral	dcedilla_high_impact	greedy	False	0				4e6d14e2e73378ab0c2b9495527e70213bd8b9ae85d8ed68df78dc1a47bb311f
det_pass_02_reverse_order::021::recipe_neutral::dcedilla_shuffled_light	canonical_deterministic_replication	det_pass_02_reverse_order	reverse_order	21	recipe_neutral	dcedilla_shuffled_light	greedy	False	0				4e6d14e2e73378ab0c2b9495527e70213bd8b9ae85d8ed68df78dc1a47bb311f
det_pass_02_reverse_order::022::recipe_neutral::light_high_impact_mixed	canonical_deterministic_replication	det_pass_02_reverse_order	reverse_order	22	recipe_neutral	light_high_impact_mixed	greedy	False	0				9774f2180f7ce354c17fcead7d3925fcfb069e8cc4a6676b4a30d932141e1e4f
det_pass_02_reverse_order::023::recipe_neutral::light_global_mixed	canonical_deterministic_replication	det_pass_02_reverse_order	reverse_order	23	recipe_neutral	light_global_mixed	greedy	False	0				3c8b6f8ae6d8acfeefe62b901af1db0f03cee241c8d3a5b23b166b3b94cd6df8
det_pass_02_reverse_order::024::recipe_neutral::ascii_baseline	canonical_deterministic_replication	det_pass_02_reverse_order	reverse_order	24	recipe_neutral	ascii_baseline	greedy	False	0				dab361c291379df835a6d55f2c6de4b4ee96c132505ec8bfbabc475bf25de65b
det_pass_02_reverse_order::025::strange_loop::d_dot_high_impact_control	canonical_deterministic_replication	det_pass_02_reverse_order	reverse_order	25	strange_loop	d_dot_high_impact_control	greedy	False	0				e9edb1eb7046ecf3a40f1add51031b8d9c041348e6be863482f73cb94981a440
det_pass_02_reverse_order::026::strange_loop::semantic_shuffle_control	canonical_deterministic_replication	det_pass_02_reverse_order	reverse_order	26	strange_loop	semantic_shuffle_control	greedy	False	0				a33e1f16a7e985cde5053a07d5303c484d83a4f399b2785bc53856285e199b13
det_pass_02_reverse_order::027::strange_loop::unicode_nonletter_control	canonical_deterministic_replication	det_pass_02_reverse_order	reverse_order	27	strange_loop	unicode_nonletter_control	greedy	False	0				c1d3e6a915dcc53e93c104784fb2b0fc80ff53286450ff410ec5e06e52fef355
det_pass_02_reverse_order::028::strange_loop::visual_ascii_control	canonical_deterministic_replication	det_pass_02_reverse_order	reverse_order	28	strange_loop	visual_ascii_control	greedy	False	0				cfed7e189b986e89b94421f26487610a00631f5516705c7916b22bf8cb75ee4a
det_pass_02_reverse_order::029::strange_loop::token_count_matched_ascii_noise	canonical_deterministic_replication	det_pass_02_reverse_order	reverse_order	29	strange_loop	token_count_matched_ascii_noise	greedy	False	0				6cf305692a642ca488e42545e668bcf5cb720dd9c5f709036a884bda65171091
det_pass_02_reverse_order::030::strange_loop::dense_dcedilla_all	canonical_deterministic_replication	det_pass_02_reverse_order	reverse_order	30	strange_loop	dense_dcedilla_all	greedy	False	0				321c90863a24f272f7565f34489fbbe7b2540e87cd394f662c8db2256f933f35
det_pass_02_reverse_order::031::strange_loop::dense_global_mixed	canonical_deterministic_replication	det_pass_02_reverse_order	reverse_order	31	strange_loop	dense_global_mixed	greedy	False	0				1cf6c1837cf7ebec1bd7bd1d98da082098e399c6c5d7b779bf06a2f448b8ab90
det_pass_02_reverse_order::032::strange_loop::dcedilla_high_impact	canonical_deterministic_replication	det_pass_02_reverse_order	reverse_order	32	strange_loop	dcedilla_high_impact	greedy	False	0				91cce88f4307a66f058f16ad66798b7175123477e2c2ee65056a61161b8b08af
det_pass_02_reverse_order::033::strange_loop::dcedilla_shuffled_light	canonical_deterministic_replication	det_pass_02_reverse_order	reverse_order	33	strange_loop	dcedilla_shuffled_light	greedy	False	0				f74a230c9ec289e6d2cab3e97198d60929df311f683bc75215ae8bf1a25ba0c3
det_pass_02_reverse_order::034::strange_loop::light_high_impact_mixed	canonical_deterministic_replication	det_pass_02_reverse_order	reverse_order	34	strange_loop	light_high_impact_mixed	greedy	False	0				afe27878822859e3731dae6fcfd6e4da2596e0798817e1e3192225191a4c11e0
det_pass_02_reverse_order::035::strange_loop::light_global_mixed	canonical_deterministic_replication	det_pass_02_reverse_order	reverse_order	35	strange_loop	light_global_mixed	greedy	False	0				e2fc16bace509fd46f5deea6ac3a1cea2474af7fa8399aa6066615f13c5537a4
det_pass_02_reverse_order::036::strange_loop::ascii_baseline	canonical_deterministic_replication	det_pass_02_reverse_order	reverse_order	36	strange_loop	ascii_baseline	greedy	False	0				382eeed635bd10767e988dfbb46a9de39b26c3695e106ff30f40e6e13178cb34
det_pass_02_reverse_order::037::hum_processing::d_dot_high_impact_control	canonical_deterministic_replication	det_pass_02_reverse_order	reverse_order	37	hum_processing	d_dot_high_impact_control	greedy	False	0				6a06989c3bb847fe8c7b45d0ccdb017e5b163046b721da449f3d5d40084d958e
det_pass_02_reverse_order::038::hum_processing::semantic_shuffle_control	canonical_deterministic_replication	det_pass_02_reverse_order	reverse_order	38	hum_processing	semantic_shuffle_control	greedy	False	0				28c0419837f0f289ca1d2b34010bddade962249c67b5b69ae928a6f646d3d13a
det_pass_02_reverse_order::039::hum_processing::unicode_nonletter_control	canonical_deterministic_replication	det_pass_02_reverse_order	reverse_order	39	hum_processing	unicode_nonletter_control	greedy	False	0				1c81834640c45ae135a31cc55b9d4f2b483bd7dbe5e17ca702b96f72049020ef
det_pass_02_reverse_order::040::hum_processing::visual_ascii_control	canonical_deterministic_replication	det_pass_02_reverse_order	reverse_order	40	hum_processing	visual_ascii_control	greedy	False	0				afce4225ba2256687ea85196e7993551496a6210435513f9a3aa4446f8435074
det_pass_02_reverse_order::041::hum_processing::token_count_matched_ascii_noise	canonical_deterministic_replication	det_pass_02_reverse_order	reverse_order	41	hum_processing	token_count_matched_ascii_noise	greedy	False	0				ab8600754f39b2b15de61cf444bdf0360ded8d0266b44b25e0a3acdbab8e055a
det_pass_02_reverse_order::042::hum_processing::dense_dcedilla_all	canonical_deterministic_replication	det_pass_02_reverse_order	reverse_order	42	hum_processing	dense_dcedilla_all	greedy	False	0				7f1f4b79cd60f441f7e0f8a1efbbc055961af0b1e4c1814d216629dafcfc85ef
det_pass_02_reverse_order::043::hum_processing::dense_global_mixed	canonical_deterministic_replication	det_pass_02_reverse_order	reverse_order	43	hum_processing	dense_global_mixed	greedy	False	0				16cb0be8a5a06243ef62676cb13fe873f645c8102352a4039bd831eac026275f
det_pass_02_reverse_order::044::hum_processing::dcedilla_high_impact	canonical_deterministic_replication	det_pass_02_reverse_order	reverse_order	44	hum_processing	dcedilla_high_impact	greedy	False	0				6adf51ae6ddf2b29c7abfd2a4dda84e233f19f36fefb647b9034e6649ce1ec8d
det_pass_02_reverse_order::045::hum_processing::dcedilla_shuffled_light	canonical_deterministic_replication	det_pass_02_reverse_order	reverse_order	45	hum_processing	dcedilla_shuffled_light	greedy	False	0				75cbd390eafd4b0a787b6f50a82b3617b3217daaa162084cad4d63dbea1c47e1
det_pass_02_reverse_order::046::hum_processing::light_high_impact_mixed	canonical_deterministic_replication	det_pass_02_reverse_order	reverse_order	46	hum_processing	light_high_impact_mixed	greedy	False	0				ce10904db333fee6a649a443e778bad3d2e701c217a8e251b5f05e9b066eddcc
det_pass_02_reverse_order::047::hum_processing::light_global_mixed	canonical_deterministic_replication	det_pass_02_reverse_order	reverse_order	47	hum_processing	light_global_mixed	greedy	False	0				c080d0c38a4f65d21e40d9eb4d66776898e927dadb77a211fe5e16cb38ea55d6
det_pass_02_reverse_order::048::hum_processing::ascii_baseline	canonical_deterministic_replication	det_pass_02_reverse_order	reverse_order	48	hum_processing	ascii_baseline	greedy	False	0				e5f3751cad59d5ab647a71b925a9d147c1f8b9c5baf79635e32407271a05a43b
det_pass_03_shuffled_order::001::recipe_neutral::semantic_shuffle_control	canonical_deterministic_replication	det_pass_03_shuffled_order	deterministic_shuffle_seed_20260617	1	recipe_neutral	semantic_shuffle_control	greedy	False	0				bb0dcb19bc3fb26aa0459752157982ebeef1913f2accaa64d5ee93bd74a65da7
det_pass_03_shuffled_order::002::recipe_neutral::light_global_mixed	canonical_deterministic_replication	det_pass_03_shuffled_order	deterministic_shuffle_seed_20260617	2	recipe_neutral	light_global_mixed	greedy	False	0				3c8b6f8ae6d8acfeefe62b901af1db0f03cee241c8d3a5b23b166b3b94cd6df8
det_pass_03_shuffled_order::003::recipe_metaphysics::dense_dcedilla_all	canonical_deterministic_replication	det_pass_03_shuffled_order	deterministic_shuffle_seed_20260617	3	recipe_metaphysics	dense_dcedilla_all	greedy	False	0				45e1f33a085c0e1876b6ad3370a904c1f9a0d250d1aa776ad01bfea605ff6184
det_pass_03_shuffled_order::004::recipe_neutral::dcedilla_shuffled_light	canonical_deterministic_replication	det_pass_03_shuffled_order	deterministic_shuffle_seed_20260617	4	recipe_neutral	dcedilla_shuffled_light	greedy	False	0				4e6d14e2e73378ab0c2b9495527e70213bd8b9ae85d8ed68df78dc1a47bb311f
det_pass_03_shuffled_order::005::strange_loop::dcedilla_shuffled_light	canonical_deterministic_replication	det_pass_03_shuffled_order	deterministic_shuffle_seed_20260617	5	strange_loop	dcedilla_shuffled_light	greedy	False	0				f74a230c9ec289e6d2cab3e97198d60929df311f683bc75215ae8bf1a25ba0c3
det_pass_03_shuffled_order::006::recipe_metaphysics::visual_ascii_control	canonical_deterministic_replication	det_pass_03_shuffled_order	deterministic_shuffle_seed_20260617	6	recipe_metaphysics	visual_ascii_control	greedy	False	0				64e12f9e2c606640897d22e1060f7112cb00f6ee6135d3932b2fdb455f0085e8
det_pass_03_shuffled_order::007::hum_processing::d_dot_high_impact_control	canonical_deterministic_replication	det_pass_03_shuffled_order	deterministic_shuffle_seed_20260617	7	hum_processing	d_dot_high_impact_control	greedy	False	0				6a06989c3bb847fe8c7b45d0ccdb017e5b163046b721da449f3d5d40084d958e
det_pass_03_shuffled_order::008::recipe_metaphysics::light_high_impact_mixed	canonical_deterministic_replication	det_pass_03_shuffled_order	deterministic_shuffle_seed_20260617	8	recipe_metaphysics	light_high_impact_mixed	greedy	False	0				85d9dc9547ba56b2902a0a0ddabef84b858fc0798f0f0c2f97af063002a0133f
det_pass_03_shuffled_order::009::strange_loop::dense_global_mixed	canonical_deterministic_replication	det_pass_03_shuffled_order	deterministic_shuffle_seed_20260617	9	strange_loop	dense_global_mixed	greedy	False	0				1cf6c1837cf7ebec1bd7bd1d98da082098e399c6c5d7b779bf06a2f448b8ab90
det_pass_03_shuffled_order::010::hum_processing::token_count_matched_ascii_noise	canonical_deterministic_replication	det_pass_03_shuffled_order	deterministic_shuffle_seed_20260617	10	hum_processing	token_count_matched_ascii_noise	greedy	False	0				ab8600754f39b2b15de61cf444bdf0360ded8d0266b44b25e0a3acdbab8e055a
det_pass_03_shuffled_order::011::hum_processing::dcedilla_shuffled_light	canonical_deterministic_replication	det_pass_03_shuffled_order	deterministic_shuffle_seed_20260617	11	hum_processing	dcedilla_shuffled_light	greedy	False	0				75cbd390eafd4b0a787b6f50a82b3617b3217daaa162084cad4d63dbea1c47e1
det_pass_03_shuffled_order::012::recipe_neutral::dense_dcedilla_all	canonical_deterministic_replication	det_pass_03_shuffled_order	deterministic_shuffle_seed_20260617	12	recipe_neutral	dense_dcedilla_all	greedy	False	0				6a4a227eab753eea3b26c734e936c452fc5f3db529060af368cf04381df5e638
det_pass_03_shuffled_order::013::recipe_neutral::light_high_impact_mixed	canonical_deterministic_replication	det_pass_03_shuffled_order	deterministic_shuffle_seed_20260617	13	recipe_neutral	light_high_impact_mixed	greedy	False	0				9774f2180f7ce354c17fcead7d3925fcfb069e8cc4a6676b4a30d932141e1e4f
det_pass_03_shuffled_order::014::recipe_metaphysics::light_global_mixed	canonical_deterministic_replication	det_pass_03_shuffled_order	deterministic_shuffle_seed_20260617	14	recipe_metaphysics	light_global_mixed	greedy	False	0				264c75ee0ecb03463a38e25a3d44384174237e5dc4dce8cb792da67b01cc994d
det_pass_03_shuffled_order::015::recipe_neutral::dense_global_mixed	canonical_deterministic_replication	det_pass_03_shuffled_order	deterministic_shuffle_seed_20260617	15	recipe_neutral	dense_global_mixed	greedy	False	0				4ca33e1f475f670370970d349f5086b848ca2febce0264206a80c620f674ba31
det_pass_03_shuffled_order::016::strange_loop::token_count_matched_ascii_noise	canonical_deterministic_replication	det_pass_03_shuffled_order	deterministic_shuffle_seed_20260617	16	strange_loop	token_count_matched_ascii_noise	greedy	False	0				6cf305692a642ca488e42545e668bcf5cb720dd9c5f709036a884bda65171091
det_pass_03_shuffled_order::017::recipe_metaphysics::token_count_matched_ascii_noise	canonical_deterministic_replication	det_pass_03_shuffled_order	deterministic_shuffle_seed_20260617	17	recipe_metaphysics	token_count_matched_ascii_noise	greedy	False	0				8ac9d36559fcacdc3c6c9049ec7394bf3fae205f3c7ddc1329d17f0131413af7
det_pass_03_shuffled_order::018::strange_loop::d_dot_high_impact_control	canonical_deterministic_replication	det_pass_03_shuffled_order	deterministic_shuffle_seed_20260617	18	strange_loop	d_dot_high_impact_control	greedy	False	0				e9edb1eb7046ecf3a40f1add51031b8d9c041348e6be863482f73cb94981a440
det_pass_03_shuffled_order::019::recipe_neutral::unicode_nonletter_control	canonical_deterministic_replication	det_pass_03_shuffled_order	deterministic_shuffle_seed_20260617	19	recipe_neutral	unicode_nonletter_control	greedy	False	0				fb105f7e858a4c84b197711b933eda8bb23e5ab8ce2c9d01cbd53398d044717f
det_pass_03_shuffled_order::020::recipe_metaphysics::dense_global_mixed	canonical_deterministic_replication	det_pass_03_shuffled_order	deterministic_shuffle_seed_20260617	20	recipe_metaphysics	dense_global_mixed	greedy	False	0				0c22753d78ee6e4e23d6931aa2ca9f3d6f86974f07c161729b62eff5a14bf3c3
det_pass_03_shuffled_order::021::strange_loop::semantic_shuffle_control	canonical_deterministic_replication	det_pass_03_shuffled_order	deterministic_shuffle_seed_20260617	21	strange_loop	semantic_shuffle_control	greedy	False	0				a33e1f16a7e985cde5053a07d5303c484d83a4f399b2785bc53856285e199b13
det_pass_03_shuffled_order::022::recipe_neutral::ascii_baseline	canonical_deterministic_replication	det_pass_03_shuffled_order	deterministic_shuffle_seed_20260617	22	recipe_neutral	ascii_baseline	greedy	False	0				dab361c291379df835a6d55f2c6de4b4ee96c132505ec8bfbabc475bf25de65b
det_pass_03_shuffled_order::023::hum_processing::ascii_baseline	canonical_deterministic_replication	det_pass_03_shuffled_order	deterministic_shuffle_seed_20260617	23	hum_processing	ascii_baseline	greedy	False	0				e5f3751cad59d5ab647a71b925a9d147c1f8b9c5baf79635e32407271a05a43b
det_pass_03_shuffled_order::024::hum_processing::visual_ascii_control	canonical_deterministic_replication	det_pass_03_shuffled_order	deterministic_shuffle_seed_20260617	24	hum_processing	visual_ascii_control	greedy	False	0				afce4225ba2256687ea85196e7993551496a6210435513f9a3aa4446f8435074
det_pass_03_shuffled_order::025::recipe_neutral::token_count_matched_ascii_noise	canonical_deterministic_replication	det_pass_03_shuffled_order	deterministic_shuffle_seed_20260617	25	recipe_neutral	token_count_matched_ascii_noise	greedy	False	0				5879fba6aa1598c135da398c1e5380cab71230d98a9645bbe917f292c8c4c9cd
det_pass_03_shuffled_order::026::recipe_metaphysics::d_dot_high_impact_control	canonical_deterministic_replication	det_pass_03_shuffled_order	deterministic_shuffle_seed_20260617	26	recipe_metaphysics	d_dot_high_impact_control	greedy	False	0				458f8e7486251f330ac6d926b41943208bf581bd68a22c4aad4530aebbba58d5
det_pass_03_shuffled_order::027::recipe_metaphysics::semantic_shuffle_control	canonical_deterministic_replication	det_pass_03_shuffled_order	deterministic_shuffle_seed_20260617	27	recipe_metaphysics	semantic_shuffle_control	greedy	False	0				b23e7bfa213c733d338eb994d7a9043659e5e1d981ba351ae4be4f7f9b1befdc
det_pass_03_shuffled_order::028::recipe_neutral::d_dot_high_impact_control	canonical_deterministic_replication	det_pass_03_shuffled_order	deterministic_shuffle_seed_20260617	28	recipe_neutral	d_dot_high_impact_control	greedy	False	0				a8656abc1f33402cf8abbe3c630be244e03ad6e8f6217e9435e1d2d48d711740
det_pass_03_shuffled_order::029::recipe_metaphysics::unicode_nonletter_control	canonical_deterministic_replication	det_pass_03_shuffled_order	deterministic_shuffle_seed_20260617	29	recipe_metaphysics	unicode_nonletter_control	greedy	False	0				336a71b9d0dcfa02ee0453674b51f19c62d60a7dd95afff31a93ce702fddac27
det_pass_03_shuffled_order::030::strange_loop::visual_ascii_control	canonical_deterministic_replication	det_pass_03_shuffled_order	deterministic_shuffle_seed_20260617	30	strange_loop	visual_ascii_control	greedy	False	0				cfed7e189b986e89b94421f26487610a00631f5516705c7916b22bf8cb75ee4a
det_pass_03_shuffled_order::031::recipe_metaphysics::ascii_baseline	canonical_deterministic_replication	det_pass_03_shuffled_order	deterministic_shuffle_seed_20260617	31	recipe_metaphysics	ascii_baseline	greedy	False	0				02cfe108a0dead0abc35ea90810974178343e4c43799a5dcd78ffb35ea7c3aa8
det_pass_03_shuffled_order::032::recipe_neutral::visual_ascii_control	canonical_deterministic_replication	det_pass_03_shuffled_order	deterministic_shuffle_seed_20260617	32	recipe_neutral	visual_ascii_control	greedy	False	0				c85777fbd6c4c663c89c42087bf10e3758f68bc0af81415e04b733e6b25544d0
det_pass_03_shuffled_order::033::strange_loop::dense_dcedilla_all	canonical_deterministic_replication	det_pass_03_shuffled_order	deterministic_shuffle_seed_20260617	33	strange_loop	dense_dcedilla_all	greedy	False	0				321c90863a24f272f7565f34489fbbe7b2540e87cd394f662c8db2256f933f35
det_pass_03_shuffled_order::034::hum_processing::dense_dcedilla_all	canonical_deterministic_replication	det_pass_03_shuffled_order	deterministic_shuffle_seed_20260617	34	hum_processing	dense_dcedilla_all	greedy	False	0				7f1f4b79cd60f441f7e0f8a1efbbc055961af0b1e4c1814d216629dafcfc85ef
det_pass_03_shuffled_order::035::strange_loop::light_high_impact_mixed	canonical_deterministic_replication	det_pass_03_shuffled_order	deterministic_shuffle_seed_20260617	35	strange_loop	light_high_impact_mixed	greedy	False	0				afe27878822859e3731dae6fcfd6e4da2596e0798817e1e3192225191a4c11e0
det_pass_03_shuffled_order::036::strange_loop::dcedilla_high_impact	canonical_deterministic_replication	det_pass_03_shuffled_order	deterministic_shuffle_seed_20260617	36	strange_loop	dcedilla_high_impact	greedy	False	0				91cce88f4307a66f058f16ad66798b7175123477e2c2ee65056a61161b8b08af
det_pass_03_shuffled_order::037::hum_processing::light_high_impact_mixed	canonical_deterministic_replication	det_pass_03_shuffled_order	deterministic_shuffle_seed_20260617	37	hum_processing	light_high_impact_mixed	greedy	False	0				ce10904db333fee6a649a443e778bad3d2e701c217a8e251b5f05e9b066eddcc
det_pass_03_shuffled_order::038::recipe_metaphysics::dcedilla_shuffled_light	canonical_deterministic_replication	det_pass_03_shuffled_order	deterministic_shuffle_seed_20260617	38	recipe_metaphysics	dcedilla_shuffled_light	greedy	False	0				951c5926476664d6c3a943a2d8a33945de5e631d695a8c0906220d0c1fa24591
det_pass_03_shuffled_order::039::recipe_metaphysics::dcedilla_high_impact	canonical_deterministic_replication	det_pass_03_shuffled_order	deterministic_shuffle_seed_20260617	39	recipe_metaphysics	dcedilla_high_impact	greedy	False	0				cc61c804b4b52bb50a0216ddf5962f55ba631550ca9f94fa10d4030d72aac21d
det_pass_03_shuffled_order::040::strange_loop::unicode_nonletter_control	canonical_deterministic_replication	det_pass_03_shuffled_order	deterministic_shuffle_seed_20260617	40	strange_loop	unicode_nonletter_control	greedy	False	0				c1d3e6a915dcc53e93c104784fb2b0fc80ff53286450ff410ec5e06e52fef355
det_pass_03_shuffled_order::041::hum_processing::unicode_nonletter_control	canonical_deterministic_replication	det_pass_03_shuffled_order	deterministic_shuffle_seed_20260617	41	hum_processing	unicode_nonletter_control	greedy	False	0				1c81834640c45ae135a31cc55b9d4f2b483bd7dbe5e17ca702b96f72049020ef
det_pass_03_shuffled_order::042::hum_processing::dense_global_mixed	canonical_deterministic_replication	det_pass_03_shuffled_order	deterministic_shuffle_seed_20260617	42	hum_processing	dense_global_mixed	greedy	False	0				16cb0be8a5a06243ef62676cb13fe873f645c8102352a4039bd831eac026275f
det_pass_03_shuffled_order::043::strange_loop::light_global_mixed	canonical_deterministic_replication	det_pass_03_shuffled_order	deterministic_shuffle_seed_20260617	43	strange_loop	light_global_mixed	greedy	False	0				e2fc16bace509fd46f5deea6ac3a1cea2474af7fa8399aa6066615f13c5537a4
det_pass_03_shuffled_order::044::recipe_neutral::dcedilla_high_impact	canonical_deterministic_replication	det_pass_03_shuffled_order	deterministic_shuffle_seed_20260617	44	recipe_neutral	dcedilla_high_impact	greedy	False	0				4e6d14e2e73378ab0c2b9495527e70213bd8b9ae85d8ed68df78dc1a47bb311f
det_pass_03_shuffled_order::045::hum_processing::semantic_shuffle_control	canonical_deterministic_replication	det_pass_03_shuffled_order	deterministic_shuffle_seed_20260617	45	hum_processing	semantic_shuffle_control	greedy	False	0				28c0419837f0f289ca1d2b34010bddade962249c67b5b69ae928a6f646d3d13a
det_pass_03_shuffled_order::046::hum_processing::light_global_mixed	canonical_deterministic_replication	det_pass_03_shuffled_order	deterministic_shuffle_seed_20260617	46	hum_processing	light_global_mixed	greedy	False	0				c080d0c38a4f65d21e40d9eb4d66776898e927dadb77a211fe5e16cb38ea55d6
det_pass_03_shuffled_order::047::strange_loop::ascii_baseline	canonical_deterministic_replication	det_pass_03_shuffled_order	deterministic_shuffle_seed_20260617	47	strange_loop	ascii_baseline	greedy	False	0				382eeed635bd10767e988dfbb46a9de39b26c3695e106ff30f40e6e13178cb34
det_pass_03_shuffled_order::048::hum_processing::dcedilla_high_impact	canonical_deterministic_replication	det_pass_03_shuffled_order	deterministic_shuffle_seed_20260617	48	hum_processing	dcedilla_high_impact	greedy	False	0				6adf51ae6ddf2b29c7abfd2a4dda84e233f19f36fefb647b9034e6649ce1ec8d
det_controls_01::001::hum_processing::ascii_baseline	targeted_deterministic_controls	det_controls_01	extension_control_order	1	hum_processing	ascii_baseline	greedy	False	0				e5f3751cad59d5ab647a71b925a9d147c1f8b9c5baf79635e32407271a05a43b
det_controls_01::002::hum_processing::ascii_punctuation_spacing_control	targeted_deterministic_controls	det_controls_01	extension_control_order	2	hum_processing	ascii_punctuation_spacing_control	greedy	False	0				e3a9df715ffe104e55a4589243ec5299faec3beac9552bc8aaeebe855731fb1b
det_controls_01::003::hum_processing::ascii_case_pattern_control	targeted_deterministic_controls	det_controls_01	extension_control_order	3	hum_processing	ascii_case_pattern_control	greedy	False	0				b522985dc4d4b04e8d617edc04fba556339942aaa11d4566116b4e2c9d4bc8fe
det_controls_01::004::hum_processing::ascii_separator_control	targeted_deterministic_controls	det_controls_01	extension_control_order	4	hum_processing	ascii_separator_control	greedy	False	0				862c02e260cb17a6b92c1039a59bfbe0fd889e3b2ff4cb34051191a7e78527de
det_controls_01::005::hum_processing::unicode_nonletter_dense_control	targeted_deterministic_controls	det_controls_01	extension_control_order	5	hum_processing	unicode_nonletter_dense_control	greedy	False	0				f62041ed246ea5a049351afe7778ebb8c468eb62d651b07e57308af9f41ae1b1
det_controls_01::006::hum_processing::unicode_symbol_fragment_control	targeted_deterministic_controls	det_controls_01	extension_control_order	6	hum_processing	unicode_symbol_fragment_control	greedy	False	0				8bbd166a454382b7a5678c1f40c57172e2ecce4a11167bed23c4ff500fc742c2
det_controls_01::007::hum_processing::dense_combining_mixed	targeted_deterministic_controls	det_controls_01	extension_control_order	7	hum_processing	dense_combining_mixed	greedy	False	0				06696a746aeb91e52757b55dcabab6f5535e971787b5512aba2b267f0dd6835c
det_controls_01::008::hum_processing::d_acute_high_impact_combining	targeted_deterministic_controls	det_controls_01	extension_control_order	8	hum_processing	d_acute_high_impact_combining	greedy	False	0				b44ee2b0bd3b3579a4dae7ff7700fd493100c46057911572eb4abe03e768562d
det_controls_01::009::hum_processing::d_macron_high_impact_combining	targeted_deterministic_controls	det_controls_01	extension_control_order	9	hum_processing	d_macron_high_impact_combining	greedy	False	0				1bc939eaf157dcf8c4fdc83a7e5b615f5d9a517a8183d65bf57575e4b3067da9
det_controls_01::010::hum_processing::d_combining_cedilla_high_impact	targeted_deterministic_controls	det_controls_01	extension_control_order	10	hum_processing	d_combining_cedilla_high_impact	greedy	False	0				21933d0d540746e24ad0f9fdef9e25c18a9c598207576e42a8b18cc826f572b7
det_controls_01::011::hum_processing::d_dot_all_control	targeted_deterministic_controls	det_controls_01	extension_control_order	11	hum_processing	d_dot_all_control	greedy	False	0				de83607b7a2e26d89173ed045b3ae77a9fd8c243b8dbe66d2d767e477526719e
det_controls_01::012::hum_processing::token_match_ascii__light_global_mixed	targeted_deterministic_controls	det_controls_01	extension_control_order	12	hum_processing	token_match_ascii__light_global_mixed	greedy	False	0				06a0e5b321b39f293a275aef496fb6f9a5f8db8bef4c8fac2c3f3f94ddd9104e
det_controls_01::013::hum_processing::token_match_ascii__light_high_impact_mixed	targeted_deterministic_controls	det_controls_01	extension_control_order	13	hum_processing	token_match_ascii__light_high_impact_mixed	greedy	False	0				e75a45eaf5f7d80fa135467c234b27ff3fb4d65aff18a4e836eac23a852668a9
det_controls_01::014::hum_processing::token_match_ascii__dcedilla_shuffled_light	targeted_deterministic_controls	det_controls_01	extension_control_order	14	hum_processing	token_match_ascii__dcedilla_shuffled_light	greedy	False	0				47a150df4c6db19837a3a02227b96d6e9fe5edf338e1d2a09a1b36f4c45e28f9
det_controls_01::015::hum_processing::token_match_ascii__dcedilla_high_impact	targeted_deterministic_controls	det_controls_01	extension_control_order	15	hum_processing	token_match_ascii__dcedilla_high_impact	greedy	False	0				e96eec7087b3c398f993f189abbdd0f0f386ce773b6669fc4cc008cc7253c2ae
det_controls_01::016::hum_processing::token_match_ascii__dense_global_mixed	targeted_deterministic_controls	det_controls_01	extension_control_order	16	hum_processing	token_match_ascii__dense_global_mixed	greedy	False	0				ab8600754f39b2b15de61cf444bdf0360ded8d0266b44b25e0a3acdbab8e055a
det_controls_01::017::hum_processing::token_match_ascii__dense_dcedilla_all	targeted_deterministic_controls	det_controls_01	extension_control_order	17	hum_processing	token_match_ascii__dense_dcedilla_all	greedy	False	0				2e57f1fff6e47d84eb400efa0b8ba865c17b06c9d6319a4f4233b87199287850
det_controls_01::018::hum_processing::token_match_ascii__d_dot_high_impact_control	targeted_deterministic_controls	det_controls_01	extension_control_order	18	hum_processing	token_match_ascii__d_dot_high_impact_control	greedy	False	0				e96eec7087b3c398f993f189abbdd0f0f386ce773b6669fc4cc008cc7253c2ae
det_controls_01::019::hum_processing::token_match_ascii__dense_combining_mixed	targeted_deterministic_controls	det_controls_01	extension_control_order	19	hum_processing	token_match_ascii__dense_combining_mixed	greedy	False	0				194bdda7b03facda4634bbad1977c93bfad9a6ef83e3f28216b14c62c24b8159
det_controls_01::020::hum_processing::token_match_ascii__d_acute_high_impact_combining	targeted_deterministic_controls	det_controls_01	extension_control_order	20	hum_processing	token_match_ascii__d_acute_high_impact_combining	greedy	False	0				70a7abfe8e5be097029f46d14e90931bebe2e78c827cd0fbe548effd76efb52e
det_controls_01::021::hum_processing::token_match_ascii__d_macron_high_impact_combining	targeted_deterministic_controls	det_controls_01	extension_control_order	21	hum_processing	token_match_ascii__d_macron_high_impact_combining	greedy	False	0				47a150df4c6db19837a3a02227b96d6e9fe5edf338e1d2a09a1b36f4c45e28f9
det_controls_01::022::strange_loop::ascii_baseline	targeted_deterministic_controls	det_controls_01	extension_control_order	22	strange_loop	ascii_baseline	greedy	False	0				382eeed635bd10767e988dfbb46a9de39b26c3695e106ff30f40e6e13178cb34
det_controls_01::023::strange_loop::ascii_punctuation_spacing_control	targeted_deterministic_controls	det_controls_01	extension_control_order	23	strange_loop	ascii_punctuation_spacing_control	greedy	False	0				c73b154e7f2e3fa276e668f70ea7d08423c486f09256f380a9ab8bba5f8e6d59
det_controls_01::024::strange_loop::ascii_case_pattern_control	targeted_deterministic_controls	det_controls_01	extension_control_order	24	strange_loop	ascii_case_pattern_control	greedy	False	0				bfe549f6455da2c2f3a057f791b34a70cb1dee3fe0cf2061159ab11d4dbc49f5
det_controls_01::025::strange_loop::ascii_separator_control	targeted_deterministic_controls	det_controls_01	extension_control_order	25	strange_loop	ascii_separator_control	greedy	False	0				b5262b1cc5e1bacc273d5c32b5b16c20c41247e41707197467f22534af18c3f7
det_controls_01::026::strange_loop::unicode_nonletter_dense_control	targeted_deterministic_controls	det_controls_01	extension_control_order	26	strange_loop	unicode_nonletter_dense_control	greedy	False	0				39ac9290685a51cc20819fa644310870d7a508c4e236967bef37e5774dbe8079
det_controls_01::027::strange_loop::unicode_symbol_fragment_control	targeted_deterministic_controls	det_controls_01	extension_control_order	27	strange_loop	unicode_symbol_fragment_control	greedy	False	0				e559d80ded21b6f7499cd78f393cceb0f7c7d250d14cfb68d757430302734bf4
det_controls_01::028::strange_loop::dense_combining_mixed	targeted_deterministic_controls	det_controls_01	extension_control_order	28	strange_loop	dense_combining_mixed	greedy	False	0				21c019ff3a7d4ada016118d5e1660abc6f6906162a4023613b17fb106fe637e8
det_controls_01::029::strange_loop::d_acute_high_impact_combining	targeted_deterministic_controls	det_controls_01	extension_control_order	29	strange_loop	d_acute_high_impact_combining	greedy	False	0				22f9e158fcca3fe1a04ca49d47e5edbfc6581c3b80b76e801a85e70b9c64f922
det_controls_01::030::strange_loop::d_macron_high_impact_combining	targeted_deterministic_controls	det_controls_01	extension_control_order	30	strange_loop	d_macron_high_impact_combining	greedy	False	0				8a5d545356f040d80b37f16053d8bf5498dee34115dcc5703ad2605c35e4f5e6
det_controls_01::031::strange_loop::d_combining_cedilla_high_impact	targeted_deterministic_controls	det_controls_01	extension_control_order	31	strange_loop	d_combining_cedilla_high_impact	greedy	False	0				94effb2a1d212279e7957c231981d47d7dd33045ecf015f8330caccc739c1fc1
det_controls_01::032::strange_loop::d_dot_all_control	targeted_deterministic_controls	det_controls_01	extension_control_order	32	strange_loop	d_dot_all_control	greedy	False	0				8307cb05f02b7c70b9f86dd643842e29f3cd4df8bedbb13318017582e8770f16
det_controls_01::033::strange_loop::token_match_ascii__light_global_mixed	targeted_deterministic_controls	det_controls_01	extension_control_order	33	strange_loop	token_match_ascii__light_global_mixed	greedy	False	0				3acff703b3f0784104d1dda57ec9bcbb8ff1d90f31c8456de34fea389805ccce
det_controls_01::034::strange_loop::token_match_ascii__light_high_impact_mixed	targeted_deterministic_controls	det_controls_01	extension_control_order	34	strange_loop	token_match_ascii__light_high_impact_mixed	greedy	False	0				ef71b14d506daa451009d5ac11c3bbd9b43601cd929e9d45307c2f75428fbf5d
det_controls_01::035::strange_loop::token_match_ascii__dcedilla_shuffled_light	targeted_deterministic_controls	det_controls_01	extension_control_order	35	strange_loop	token_match_ascii__dcedilla_shuffled_light	greedy	False	0				d572d5df00bab9942104d286bcb19f3db0ea4457e9bafe3701aec9bd250be630
det_controls_01::036::strange_loop::token_match_ascii__dcedilla_high_impact	targeted_deterministic_controls	det_controls_01	extension_control_order	36	strange_loop	token_match_ascii__dcedilla_high_impact	greedy	False	0				d572d5df00bab9942104d286bcb19f3db0ea4457e9bafe3701aec9bd250be630
det_controls_01::037::strange_loop::token_match_ascii__dense_global_mixed	targeted_deterministic_controls	det_controls_01	extension_control_order	37	strange_loop	token_match_ascii__dense_global_mixed	greedy	False	0				6cf305692a642ca488e42545e668bcf5cb720dd9c5f709036a884bda65171091
det_controls_01::038::strange_loop::token_match_ascii__dense_dcedilla_all	targeted_deterministic_controls	det_controls_01	extension_control_order	38	strange_loop	token_match_ascii__dense_dcedilla_all	greedy	False	0				7ba6f4bece1cb9d71e718b50bc3c23faec5c31d6b516136370b67cc4d38d7bd1
det_controls_01::039::strange_loop::token_match_ascii__d_dot_high_impact_control	targeted_deterministic_controls	det_controls_01	extension_control_order	39	strange_loop	token_match_ascii__d_dot_high_impact_control	greedy	False	0				d572d5df00bab9942104d286bcb19f3db0ea4457e9bafe3701aec9bd250be630
det_controls_01::040::strange_loop::token_match_ascii__dense_combining_mixed	targeted_deterministic_controls	det_controls_01	extension_control_order	40	strange_loop	token_match_ascii__dense_combining_mixed	greedy	False	0				af7ed73557d09f341e1ece73445cb2e8f018a6adfe3e1a2c1c1f9d528f736b6b
det_controls_01::041::strange_loop::token_match_ascii__d_acute_high_impact_combining	targeted_deterministic_controls	det_controls_01	extension_control_order	41	strange_loop	token_match_ascii__d_acute_high_impact_combining	greedy	False	0				655e3c83a3f734c697ca0346f073f9ac926f6d5721c605ce37e5a408aa202333
det_controls_01::042::strange_loop::token_match_ascii__d_macron_high_impact_combining	targeted_deterministic_controls	det_controls_01	extension_control_order	42	strange_loop	token_match_ascii__d_macron_high_impact_combining	greedy	False	0				dd36d95f6169fff555ef8afb0e23b6c4f7c90cd9bce3eee9ca75893c44d323d1
det_controls_01::043::recipe_neutral::ascii_baseline	targeted_deterministic_controls	det_controls_01	extension_control_order	43	recipe_neutral	ascii_baseline	greedy	False	0				dab361c291379df835a6d55f2c6de4b4ee96c132505ec8bfbabc475bf25de65b
det_controls_01::044::recipe_neutral::ascii_punctuation_spacing_control	targeted_deterministic_controls	det_controls_01	extension_control_order	44	recipe_neutral	ascii_punctuation_spacing_control	greedy	False	0				708e953e0b3b4fcedc77b538d1461b0309ea5d7de736d1133402ecfa5fff5e13
det_controls_01::045::recipe_neutral::ascii_case_pattern_control	targeted_deterministic_controls	det_controls_01	extension_control_order	45	recipe_neutral	ascii_case_pattern_control	greedy	False	0				2d5fcf7c5cd90d32b6c94fe1d346ddd5efbfe487c974b16c138b315267764ad4
det_controls_01::046::recipe_neutral::ascii_separator_control	targeted_deterministic_controls	det_controls_01	extension_control_order	46	recipe_neutral	ascii_separator_control	greedy	False	0				3928494222e356e685a1d98d5386a26128d7a549403351e4dd6202021699a5f2
det_controls_01::047::recipe_neutral::unicode_nonletter_dense_control	targeted_deterministic_controls	det_controls_01	extension_control_order	47	recipe_neutral	unicode_nonletter_dense_control	greedy	False	0				20ed85af7649b10d7c416cc8e8318396c82e02bbb109c4e000f609976424ee3f
det_controls_01::048::recipe_neutral::unicode_symbol_fragment_control	targeted_deterministic_controls	det_controls_01	extension_control_order	48	recipe_neutral	unicode_symbol_fragment_control	greedy	False	0				c915b1395dd75df311b5b030ecf0cc67944e6686fa8d9fdf794b453c55505662
det_controls_01::049::recipe_neutral::dense_combining_mixed	targeted_deterministic_controls	det_controls_01	extension_control_order	49	recipe_neutral	dense_combining_mixed	greedy	False	0				c4456c78b14eda3ea6e126300f731e100d7dad9123fb39ed5b8e8ed6fcc48407
det_controls_01::050::recipe_neutral::d_acute_high_impact_combining	targeted_deterministic_controls	det_controls_01	extension_control_order	50	recipe_neutral	d_acute_high_impact_combining	greedy	False	0				4cdf2414e947b2fe72f4a7ca187bd221231821289fb0108d550c4544ab3d423e
det_controls_01::051::recipe_neutral::d_macron_high_impact_combining	targeted_deterministic_controls	det_controls_01	extension_control_order	51	recipe_neutral	d_macron_high_impact_combining	greedy	False	0				47950ff7759d2606b0d305f628033408307ae3c0d6436c5b18a2ea668e3aeb1a
det_controls_01::052::recipe_neutral::d_combining_cedilla_high_impact	targeted_deterministic_controls	det_controls_01	extension_control_order	52	recipe_neutral	d_combining_cedilla_high_impact	greedy	False	0				6fea84e9cff44ada65da3b0c7a97241749414834fe823005bec87f75c534c530
det_controls_01::053::recipe_neutral::d_dot_all_control	targeted_deterministic_controls	det_controls_01	extension_control_order	53	recipe_neutral	d_dot_all_control	greedy	False	0				1cda8eacc6894e5b44d8b9215c9f1d7e4497ea2fe9c871b5e145330c0de731dd
det_controls_01::054::recipe_neutral::token_match_ascii__light_global_mixed	targeted_deterministic_controls	det_controls_01	extension_control_order	54	recipe_neutral	token_match_ascii__light_global_mixed	greedy	False	0				1d1dc01107ccb9543072dba8ddb4fca359ebbb6bc6dda713b364fb0b723205fe
det_controls_01::055::recipe_neutral::token_match_ascii__light_high_impact_mixed	targeted_deterministic_controls	det_controls_01	extension_control_order	55	recipe_neutral	token_match_ascii__light_high_impact_mixed	greedy	False	0				e32b1a763a921a1551c1b4fa216f1c48d618bada289e36f2f042f2e0d07ebcbe
det_controls_01::056::recipe_neutral::token_match_ascii__dcedilla_shuffled_light	targeted_deterministic_controls	det_controls_01	extension_control_order	56	recipe_neutral	token_match_ascii__dcedilla_shuffled_light	greedy	False	0				a7b0ee5eb5552b5d9d94a61f6e1dc58b9b8378e27e5ff03c9c6a5f2c05faf077
det_controls_01::057::recipe_neutral::token_match_ascii__dcedilla_high_impact	targeted_deterministic_controls	det_controls_01	extension_control_order	57	recipe_neutral	token_match_ascii__dcedilla_high_impact	greedy	False	0				a7b0ee5eb5552b5d9d94a61f6e1dc58b9b8378e27e5ff03c9c6a5f2c05faf077
det_controls_01::058::recipe_neutral::token_match_ascii__dense_global_mixed	targeted_deterministic_controls	det_controls_01	extension_control_order	58	recipe_neutral	token_match_ascii__dense_global_mixed	greedy	False	0				5879fba6aa1598c135da398c1e5380cab71230d98a9645bbe917f292c8c4c9cd
det_controls_01::059::recipe_neutral::token_match_ascii__dense_dcedilla_all	targeted_deterministic_controls	det_controls_01	extension_control_order	59	recipe_neutral	token_match_ascii__dense_dcedilla_all	greedy	False	0				f86f21f1cfee837add26cf728a4161837575b4ec9abf23a1ae42be9bb4f7283b
det_controls_01::060::recipe_neutral::token_match_ascii__d_dot_high_impact_control	targeted_deterministic_controls	det_controls_01	extension_control_order	60	recipe_neutral	token_match_ascii__d_dot_high_impact_control	greedy	False	0				a7b0ee5eb5552b5d9d94a61f6e1dc58b9b8378e27e5ff03c9c6a5f2c05faf077
det_controls_01::061::recipe_neutral::token_match_ascii__dense_combining_mixed	targeted_deterministic_controls	det_controls_01	extension_control_order	61	recipe_neutral	token_match_ascii__dense_combining_mixed	greedy	False	0				5879fba6aa1598c135da398c1e5380cab71230d98a9645bbe917f292c8c4c9cd
det_controls_01::062::recipe_neutral::token_match_ascii__d_acute_high_impact_combining	targeted_deterministic_controls	det_controls_01	extension_control_order	62	recipe_neutral	token_match_ascii__d_acute_high_impact_combining	greedy	False	0				babf742f8c8d7fd02b5a22438f97682da9f405fe1746e5dfe2e87e3a90dab9c3
det_controls_01::063::recipe_neutral::token_match_ascii__d_macron_high_impact_combining	targeted_deterministic_controls	det_controls_01	extension_control_order	63	recipe_neutral	token_match_ascii__d_macron_high_impact_combining	greedy	False	0				d03fb41b3b33dbd69ba2d1bad3b3cfc253aa3e3183de840dd45abf787660ec70
det_controls_01::064::recipe_metaphysics::ascii_baseline	targeted_deterministic_controls	det_controls_01	extension_control_order	64	recipe_metaphysics	ascii_baseline	greedy	False	0				02cfe108a0dead0abc35ea90810974178343e4c43799a5dcd78ffb35ea7c3aa8
det_controls_01::065::recipe_metaphysics::ascii_punctuation_spacing_control	targeted_deterministic_controls	det_controls_01	extension_control_order	65	recipe_metaphysics	ascii_punctuation_spacing_control	greedy	False	0				702051257043d1fbae1ecaef78d1d4ec8e0b30b8ffe5379e7598c002c1acfa1e
det_controls_01::066::recipe_metaphysics::ascii_case_pattern_control	targeted_deterministic_controls	det_controls_01	extension_control_order	66	recipe_metaphysics	ascii_case_pattern_control	greedy	False	0				9de9569615eecc2d8a543a820137cfcc144280eb2a6294c0c8b2264a878e2876
det_controls_01::067::recipe_metaphysics::ascii_separator_control	targeted_deterministic_controls	det_controls_01	extension_control_order	67	recipe_metaphysics	ascii_separator_control	greedy	False	0				8b0669d22e26b1800d880621db97914a66cd8d9b7a7845448a23d07491750e31
det_controls_01::068::recipe_metaphysics::unicode_nonletter_dense_control	targeted_deterministic_controls	det_controls_01	extension_control_order	68	recipe_metaphysics	unicode_nonletter_dense_control	greedy	False	0				67ef95d08f072530a7c4236eda0590a63eb6872c5ad1b5fa919c06b87067ab18
det_controls_01::069::recipe_metaphysics::unicode_symbol_fragment_control	targeted_deterministic_controls	det_controls_01	extension_control_order	69	recipe_metaphysics	unicode_symbol_fragment_control	greedy	False	0				a7f7f6d0c7b3fdc57006b84f8dc5b6ef29ea147c52f52424748d40d677db8038
det_controls_01::070::recipe_metaphysics::dense_combining_mixed	targeted_deterministic_controls	det_controls_01	extension_control_order	70	recipe_metaphysics	dense_combining_mixed	greedy	False	0				e1b878b5df2b0cc7df11209241a04f5c308e0d962ec718f0a77a4374a7bac026
det_controls_01::071::recipe_metaphysics::d_acute_high_impact_combining	targeted_deterministic_controls	det_controls_01	extension_control_order	71	recipe_metaphysics	d_acute_high_impact_combining	greedy	False	0				b87a47e38a1760baf7e50b9d2caf677d0b673a3c0d82739a86f77066104c1165
det_controls_01::072::recipe_metaphysics::d_macron_high_impact_combining	targeted_deterministic_controls	det_controls_01	extension_control_order	72	recipe_metaphysics	d_macron_high_impact_combining	greedy	False	0				3cdbdedf4df8ae6e803456c7a87c6aa5842685a45d4959eb8381812ab6a63e51
det_controls_01::073::recipe_metaphysics::d_combining_cedilla_high_impact	targeted_deterministic_controls	det_controls_01	extension_control_order	73	recipe_metaphysics	d_combining_cedilla_high_impact	greedy	False	0				bd3294f3507feec1272b0fdd855a0da27004ca311d8da0a971fbdb059c4b42c1
det_controls_01::074::recipe_metaphysics::d_dot_all_control	targeted_deterministic_controls	det_controls_01	extension_control_order	74	recipe_metaphysics	d_dot_all_control	greedy	False	0				382aece496face5d9178ed97cc87d61043bc8cbfc5d1a6b411549bd32d875bd9
det_controls_01::075::recipe_metaphysics::token_match_ascii__light_global_mixed	targeted_deterministic_controls	det_controls_01	extension_control_order	75	recipe_metaphysics	token_match_ascii__light_global_mixed	greedy	False	0				be2babed74d2b16c5695c8f77d548b5abb9f92e7bd75054bc6afd929dc88df27
det_controls_01::076::recipe_metaphysics::token_match_ascii__light_high_impact_mixed	targeted_deterministic_controls	det_controls_01	extension_control_order	76	recipe_metaphysics	token_match_ascii__light_high_impact_mixed	greedy	False	0				41fbb83618cd6e7d9ca71c5d0b9fff3f9e91e1576f474a539885b7b1cc7d1266
det_controls_01::077::recipe_metaphysics::token_match_ascii__dcedilla_shuffled_light	targeted_deterministic_controls	det_controls_01	extension_control_order	77	recipe_metaphysics	token_match_ascii__dcedilla_shuffled_light	greedy	False	0				23179f91b73ad5ee264460e8fa81c62c8364bb3e95ff35a112d9876e9ff35230
det_controls_01::078::recipe_metaphysics::token_match_ascii__dcedilla_high_impact	targeted_deterministic_controls	det_controls_01	extension_control_order	78	recipe_metaphysics	token_match_ascii__dcedilla_high_impact	greedy	False	0				a10e4414e0c986ecb964cd952fe4bc781a6e90baadb4820906770578d49f2418
det_controls_01::079::recipe_metaphysics::token_match_ascii__dense_global_mixed	targeted_deterministic_controls	det_controls_01	extension_control_order	79	recipe_metaphysics	token_match_ascii__dense_global_mixed	greedy	False	0				8ac9d36559fcacdc3c6c9049ec7394bf3fae205f3c7ddc1329d17f0131413af7
det_controls_01::080::recipe_metaphysics::token_match_ascii__dense_dcedilla_all	targeted_deterministic_controls	det_controls_01	extension_control_order	80	recipe_metaphysics	token_match_ascii__dense_dcedilla_all	greedy	False	0				a31cd1167915719f4ab7065f5e00cf9ee1e61202966515ee4e88f84396af21a1
det_controls_01::081::recipe_metaphysics::token_match_ascii__d_dot_high_impact_control	targeted_deterministic_controls	det_controls_01	extension_control_order	81	recipe_metaphysics	token_match_ascii__d_dot_high_impact_control	greedy	False	0				a10e4414e0c986ecb964cd952fe4bc781a6e90baadb4820906770578d49f2418
det_controls_01::082::recipe_metaphysics::token_match_ascii__dense_combining_mixed	targeted_deterministic_controls	det_controls_01	extension_control_order	82	recipe_metaphysics	token_match_ascii__dense_combining_mixed	greedy	False	0				e994d5635ff7d29e3573eacaadae399aeb9bdd17d6865132d63457c43ea5c019
det_controls_01::083::recipe_metaphysics::token_match_ascii__d_acute_high_impact_combining	targeted_deterministic_controls	det_controls_01	extension_control_order	83	recipe_metaphysics	token_match_ascii__d_acute_high_impact_combining	greedy	False	0				033718adadaa425dc3359f5a74b589f73b1dcd0e238f852b820dfe4028786546
det_controls_01::084::recipe_metaphysics::token_match_ascii__d_macron_high_impact_combining	targeted_deterministic_controls	det_controls_01	extension_control_order	84	recipe_metaphysics	token_match_ascii__d_macron_high_impact_combining	greedy	False	0				31f8b47bd83e196beb712c7b42e51a0d47cf0434b7036c705da9782042e0bf67
lowtemp_seed_1001::001::hum_processing::ascii_baseline	low_temperature_seed_variance	lowtemp_seed_1001	sentinel_canonical_order	1	hum_processing	ascii_baseline	sample_low_temperature	True	1001	0.2	0.95	50	e5f3751cad59d5ab647a71b925a9d147c1f8b9c5baf79635e32407271a05a43b
lowtemp_seed_1001::002::hum_processing::dcedilla_high_impact	low_temperature_seed_variance	lowtemp_seed_1001	sentinel_canonical_order	2	hum_processing	dcedilla_high_impact	sample_low_temperature	True	1001	0.2	0.95	50	6adf51ae6ddf2b29c7abfd2a4dda84e233f19f36fefb647b9034e6649ce1ec8d
lowtemp_seed_1001::003::hum_processing::dense_global_mixed	low_temperature_seed_variance	lowtemp_seed_1001	sentinel_canonical_order	3	hum_processing	dense_global_mixed	sample_low_temperature	True	1001	0.2	0.95	50	16cb0be8a5a06243ef62676cb13fe873f645c8102352a4039bd831eac026275f
lowtemp_seed_1001::004::hum_processing::token_count_matched_ascii_noise	low_temperature_seed_variance	lowtemp_seed_1001	sentinel_canonical_order	4	hum_processing	token_count_matched_ascii_noise	sample_low_temperature	True	1001	0.2	0.95	50	ab8600754f39b2b15de61cf444bdf0360ded8d0266b44b25e0a3acdbab8e055a
lowtemp_seed_1001::005::hum_processing::visual_ascii_control	low_temperature_seed_variance	lowtemp_seed_1001	sentinel_canonical_order	5	hum_processing	visual_ascii_control	sample_low_temperature	True	1001	0.2	0.95	50	afce4225ba2256687ea85196e7993551496a6210435513f9a3aa4446f8435074
lowtemp_seed_1001::006::hum_processing::unicode_nonletter_control	low_temperature_seed_variance	lowtemp_seed_1001	sentinel_canonical_order	6	hum_processing	unicode_nonletter_control	sample_low_temperature	True	1001	0.2	0.95	50	1c81834640c45ae135a31cc55b9d4f2b483bd7dbe5e17ca702b96f72049020ef
lowtemp_seed_1001::007::strange_loop::ascii_baseline	low_temperature_seed_variance	lowtemp_seed_1001	sentinel_canonical_order	7	strange_loop	ascii_baseline	sample_low_temperature	True	1001	0.2	0.95	50	382eeed635bd10767e988dfbb46a9de39b26c3695e106ff30f40e6e13178cb34
lowtemp_seed_1001::008::strange_loop::dcedilla_high_impact	low_temperature_seed_variance	lowtemp_seed_1001	sentinel_canonical_order	8	strange_loop	dcedilla_high_impact	sample_low_temperature	True	1001	0.2	0.95	50	91cce88f4307a66f058f16ad66798b7175123477e2c2ee65056a61161b8b08af
lowtemp_seed_1001::009::strange_loop::dense_global_mixed	low_temperature_seed_variance	lowtemp_seed_1001	sentinel_canonical_order	9	strange_loop	dense_global_mixed	sample_low_temperature	True	1001	0.2	0.95	50	1cf6c1837cf7ebec1bd7bd1d98da082098e399c6c5d7b779bf06a2f448b8ab90
lowtemp_seed_1001::010::strange_loop::token_count_matched_ascii_noise	low_temperature_seed_variance	lowtemp_seed_1001	sentinel_canonical_order	10	strange_loop	token_count_matched_ascii_noise	sample_low_temperature	True	1001	0.2	0.95	50	6cf305692a642ca488e42545e668bcf5cb720dd9c5f709036a884bda65171091
lowtemp_seed_1001::011::strange_loop::visual_ascii_control	low_temperature_seed_variance	lowtemp_seed_1001	sentinel_canonical_order	11	strange_loop	visual_ascii_control	sample_low_temperature	True	1001	0.2	0.95	50	cfed7e189b986e89b94421f26487610a00631f5516705c7916b22bf8cb75ee4a
lowtemp_seed_1001::012::strange_loop::unicode_nonletter_control	low_temperature_seed_variance	lowtemp_seed_1001	sentinel_canonical_order	12	strange_loop	unicode_nonletter_control	sample_low_temperature	True	1001	0.2	0.95	50	c1d3e6a915dcc53e93c104784fb2b0fc80ff53286450ff410ec5e06e52fef355
lowtemp_seed_1001::013::recipe_neutral::ascii_baseline	low_temperature_seed_variance	lowtemp_seed_1001	sentinel_canonical_order	13	recipe_neutral	ascii_baseline	sample_low_temperature	True	1001	0.2	0.95	50	dab361c291379df835a6d55f2c6de4b4ee96c132505ec8bfbabc475bf25de65b
lowtemp_seed_1001::014::recipe_neutral::dcedilla_high_impact	low_temperature_seed_variance	lowtemp_seed_1001	sentinel_canonical_order	14	recipe_neutral	dcedilla_high_impact	sample_low_temperature	True	1001	0.2	0.95	50	4e6d14e2e73378ab0c2b9495527e70213bd8b9ae85d8ed68df78dc1a47bb311f
lowtemp_seed_1001::015::recipe_neutral::dense_global_mixed	low_temperature_seed_variance	lowtemp_seed_1001	sentinel_canonical_order	15	recipe_neutral	dense_global_mixed	sample_low_temperature	True	1001	0.2	0.95	50	4ca33e1f475f670370970d349f5086b848ca2febce0264206a80c620f674ba31
lowtemp_seed_1001::016::recipe_neutral::token_count_matched_ascii_noise	low_temperature_seed_variance	lowtemp_seed_1001	sentinel_canonical_order	16	recipe_neutral	token_count_matched_ascii_noise	sample_low_temperature	True	1001	0.2	0.95	50	5879fba6aa1598c135da398c1e5380cab71230d98a9645bbe917f292c8c4c9cd
lowtemp_seed_1001::017::recipe_neutral::visual_ascii_control	low_temperature_seed_variance	lowtemp_seed_1001	sentinel_canonical_order	17	recipe_neutral	visual_ascii_control	sample_low_temperature	True	1001	0.2	0.95	50	c85777fbd6c4c663c89c42087bf10e3758f68bc0af81415e04b733e6b25544d0
lowtemp_seed_1001::018::recipe_neutral::unicode_nonletter_control	low_temperature_seed_variance	lowtemp_seed_1001	sentinel_canonical_order	18	recipe_neutral	unicode_nonletter_control	sample_low_temperature	True	1001	0.2	0.95	50	fb105f7e858a4c84b197711b933eda8bb23e5ab8ce2c9d01cbd53398d044717f
lowtemp_seed_1001::019::recipe_metaphysics::ascii_baseline	low_temperature_seed_variance	lowtemp_seed_1001	sentinel_canonical_order	19	recipe_metaphysics	ascii_baseline	sample_low_temperature	True	1001	0.2	0.95	50	02cfe108a0dead0abc35ea90810974178343e4c43799a5dcd78ffb35ea7c3aa8
lowtemp_seed_1001::020::recipe_metaphysics::dcedilla_high_impact	low_temperature_seed_variance	lowtemp_seed_1001	sentinel_canonical_order	20	recipe_metaphysics	dcedilla_high_impact	sample_low_temperature	True	1001	0.2	0.95	50	cc61c804b4b52bb50a0216ddf5962f55ba631550ca9f94fa10d4030d72aac21d
lowtemp_seed_1001::021::recipe_metaphysics::dense_global_mixed	low_temperature_seed_variance	lowtemp_seed_1001	sentinel_canonical_order	21	recipe_metaphysics	dense_global_mixed	sample_low_temperature	True	1001	0.2	0.95	50	0c22753d78ee6e4e23d6931aa2ca9f3d6f86974f07c161729b62eff5a14bf3c3
lowtemp_seed_1001::022::recipe_metaphysics::token_count_matched_ascii_noise	low_temperature_seed_variance	lowtemp_seed_1001	sentinel_canonical_order	22	recipe_metaphysics	token_count_matched_ascii_noise	sample_low_temperature	True	1001	0.2	0.95	50	8ac9d36559fcacdc3c6c9049ec7394bf3fae205f3c7ddc1329d17f0131413af7
lowtemp_seed_1001::023::recipe_metaphysics::visual_ascii_control	low_temperature_seed_variance	lowtemp_seed_1001	sentinel_canonical_order	23	recipe_metaphysics	visual_ascii_control	sample_low_temperature	True	1001	0.2	0.95	50	64e12f9e2c606640897d22e1060f7112cb00f6ee6135d3932b2fdb455f0085e8
lowtemp_seed_1001::024::recipe_metaphysics::unicode_nonletter_control	low_temperature_seed_variance	lowtemp_seed_1001	sentinel_canonical_order	24	recipe_metaphysics	unicode_nonletter_control	sample_low_temperature	True	1001	0.2	0.95	50	336a71b9d0dcfa02ee0453674b51f19c62d60a7dd95afff31a93ce702fddac27
lowtemp_seed_1002::001::hum_processing::ascii_baseline	low_temperature_seed_variance	lowtemp_seed_1002	sentinel_canonical_order	1	hum_processing	ascii_baseline	sample_low_temperature	True	1002	0.2	0.95	50	e5f3751cad59d5ab647a71b925a9d147c1f8b9c5baf79635e32407271a05a43b
lowtemp_seed_1002::002::hum_processing::dcedilla_high_impact	low_temperature_seed_variance	lowtemp_seed_1002	sentinel_canonical_order	2	hum_processing	dcedilla_high_impact	sample_low_temperature	True	1002	0.2	0.95	50	6adf51ae6ddf2b29c7abfd2a4dda84e233f19f36fefb647b9034e6649ce1ec8d
lowtemp_seed_1002::003::hum_processing::dense_global_mixed	low_temperature_seed_variance	lowtemp_seed_1002	sentinel_canonical_order	3	hum_processing	dense_global_mixed	sample_low_temperature	True	1002	0.2	0.95	50	16cb0be8a5a06243ef62676cb13fe873f645c8102352a4039bd831eac026275f
lowtemp_seed_1002::004::hum_processing::token_count_matched_ascii_noise	low_temperature_seed_variance	lowtemp_seed_1002	sentinel_canonical_order	4	hum_processing	token_count_matched_ascii_noise	sample_low_temperature	True	1002	0.2	0.95	50	ab8600754f39b2b15de61cf444bdf0360ded8d0266b44b25e0a3acdbab8e055a
lowtemp_seed_1002::005::hum_processing::visual_ascii_control	low_temperature_seed_variance	lowtemp_seed_1002	sentinel_canonical_order	5	hum_processing	visual_ascii_control	sample_low_temperature	True	1002	0.2	0.95	50	afce4225ba2256687ea85196e7993551496a6210435513f9a3aa4446f8435074
lowtemp_seed_1002::006::hum_processing::unicode_nonletter_control	low_temperature_seed_variance	lowtemp_seed_1002	sentinel_canonical_order	6	hum_processing	unicode_nonletter_control	sample_low_temperature	True	1002	0.2	0.95	50	1c81834640c45ae135a31cc55b9d4f2b483bd7dbe5e17ca702b96f72049020ef
lowtemp_seed_1002::007::strange_loop::ascii_baseline	low_temperature_seed_variance	lowtemp_seed_1002	sentinel_canonical_order	7	strange_loop	ascii_baseline	sample_low_temperature	True	1002	0.2	0.95	50	382eeed635bd10767e988dfbb46a9de39b26c3695e106ff30f40e6e13178cb34
lowtemp_seed_1002::008::strange_loop::dcedilla_high_impact	low_temperature_seed_variance	lowtemp_seed_1002	sentinel_canonical_order	8	strange_loop	dcedilla_high_impact	sample_low_temperature	True	1002	0.2	0.95	50	91cce88f4307a66f058f16ad66798b7175123477e2c2ee65056a61161b8b08af
lowtemp_seed_1002::009::strange_loop::dense_global_mixed	low_temperature_seed_variance	lowtemp_seed_1002	sentinel_canonical_order	9	strange_loop	dense_global_mixed	sample_low_temperature	True	1002	0.2	0.95	50	1cf6c1837cf7ebec1bd7bd1d98da082098e399c6c5d7b779bf06a2f448b8ab90
lowtemp_seed_1002::010::strange_loop::token_count_matched_ascii_noise	low_temperature_seed_variance	lowtemp_seed_1002	sentinel_canonical_order	10	strange_loop	token_count_matched_ascii_noise	sample_low_temperature	True	1002	0.2	0.95	50	6cf305692a642ca488e42545e668bcf5cb720dd9c5f709036a884bda65171091
lowtemp_seed_1002::011::strange_loop::visual_ascii_control	low_temperature_seed_variance	lowtemp_seed_1002	sentinel_canonical_order	11	strange_loop	visual_ascii_control	sample_low_temperature	True	1002	0.2	0.95	50	cfed7e189b986e89b94421f26487610a00631f5516705c7916b22bf8cb75ee4a
lowtemp_seed_1002::012::strange_loop::unicode_nonletter_control	low_temperature_seed_variance	lowtemp_seed_1002	sentinel_canonical_order	12	strange_loop	unicode_nonletter_control	sample_low_temperature	True	1002	0.2	0.95	50	c1d3e6a915dcc53e93c104784fb2b0fc80ff53286450ff410ec5e06e52fef355
lowtemp_seed_1002::013::recipe_neutral::ascii_baseline	low_temperature_seed_variance	lowtemp_seed_1002	sentinel_canonical_order	13	recipe_neutral	ascii_baseline	sample_low_temperature	True	1002	0.2	0.95	50	dab361c291379df835a6d55f2c6de4b4ee96c132505ec8bfbabc475bf25de65b
lowtemp_seed_1002::014::recipe_neutral::dcedilla_high_impact	low_temperature_seed_variance	lowtemp_seed_1002	sentinel_canonical_order	14	recipe_neutral	dcedilla_high_impact	sample_low_temperature	True	1002	0.2	0.95	50	4e6d14e2e73378ab0c2b9495527e70213bd8b9ae85d8ed68df78dc1a47bb311f
lowtemp_seed_1002::015::recipe_neutral::dense_global_mixed	low_temperature_seed_variance	lowtemp_seed_1002	sentinel_canonical_order	15	recipe_neutral	dense_global_mixed	sample_low_temperature	True	1002	0.2	0.95	50	4ca33e1f475f670370970d349f5086b848ca2febce0264206a80c620f674ba31
lowtemp_seed_1002::016::recipe_neutral::token_count_matched_ascii_noise	low_temperature_seed_variance	lowtemp_seed_1002	sentinel_canonical_order	16	recipe_neutral	token_count_matched_ascii_noise	sample_low_temperature	True	1002	0.2	0.95	50	5879fba6aa1598c135da398c1e5380cab71230d98a9645bbe917f292c8c4c9cd
lowtemp_seed_1002::017::recipe_neutral::visual_ascii_control	low_temperature_seed_variance	lowtemp_seed_1002	sentinel_canonical_order	17	recipe_neutral	visual_ascii_control	sample_low_temperature	True	1002	0.2	0.95	50	c85777fbd6c4c663c89c42087bf10e3758f68bc0af81415e04b733e6b25544d0
lowtemp_seed_1002::018::recipe_neutral::unicode_nonletter_control	low_temperature_seed_variance	lowtemp_seed_1002	sentinel_canonical_order	18	recipe_neutral	unicode_nonletter_control	sample_low_temperature	True	1002	0.2	0.95	50	fb105f7e858a4c84b197711b933eda8bb23e5ab8ce2c9d01cbd53398d044717f
lowtemp_seed_1002::019::recipe_metaphysics::ascii_baseline	low_temperature_seed_variance	lowtemp_seed_1002	sentinel_canonical_order	19	recipe_metaphysics	ascii_baseline	sample_low_temperature	True	1002	0.2	0.95	50	02cfe108a0dead0abc35ea90810974178343e4c43799a5dcd78ffb35ea7c3aa8
lowtemp_seed_1002::020::recipe_metaphysics::dcedilla_high_impact	low_temperature_seed_variance	lowtemp_seed_1002	sentinel_canonical_order	20	recipe_metaphysics	dcedilla_high_impact	sample_low_temperature	True	1002	0.2	0.95	50	cc61c804b4b52bb50a0216ddf5962f55ba631550ca9f94fa10d4030d72aac21d
lowtemp_seed_1002::021::recipe_metaphysics::dense_global_mixed	low_temperature_seed_variance	lowtemp_seed_1002	sentinel_canonical_order	21	recipe_metaphysics	dense_global_mixed	sample_low_temperature	True	1002	0.2	0.95	50	0c22753d78ee6e4e23d6931aa2ca9f3d6f86974f07c161729b62eff5a14bf3c3
lowtemp_seed_1002::022::recipe_metaphysics::token_count_matched_ascii_noise	low_temperature_seed_variance	lowtemp_seed_1002	sentinel_canonical_order	22	recipe_metaphysics	token_count_matched_ascii_noise	sample_low_temperature	True	1002	0.2	0.95	50	8ac9d36559fcacdc3c6c9049ec7394bf3fae205f3c7ddc1329d17f0131413af7
lowtemp_seed_1002::023::recipe_metaphysics::visual_ascii_control	low_temperature_seed_variance	lowtemp_seed_1002	sentinel_canonical_order	23	recipe_metaphysics	visual_ascii_control	sample_low_temperature	True	1002	0.2	0.95	50	64e12f9e2c606640897d22e1060f7112cb00f6ee6135d3932b2fdb455f0085e8
lowtemp_seed_1002::024::recipe_metaphysics::unicode_nonletter_control	low_temperature_seed_variance	lowtemp_seed_1002	sentinel_canonical_order	24	recipe_metaphysics	unicode_nonletter_control	sample_low_temperature	True	1002	0.2	0.95	50	336a71b9d0dcfa02ee0453674b51f19c62d60a7dd95afff31a93ce702fddac27
lowtemp_seed_1003::001::hum_processing::ascii_baseline	low_temperature_seed_variance	lowtemp_seed_1003	sentinel_canonical_order	1	hum_processing	ascii_baseline	sample_low_temperature	True	1003	0.2	0.95	50	e5f3751cad59d5ab647a71b925a9d147c1f8b9c5baf79635e32407271a05a43b
lowtemp_seed_1003::002::hum_processing::dcedilla_high_impact	low_temperature_seed_variance	lowtemp_seed_1003	sentinel_canonical_order	2	hum_processing	dcedilla_high_impact	sample_low_temperature	True	1003	0.2	0.95	50	6adf51ae6ddf2b29c7abfd2a4dda84e233f19f36fefb647b9034e6649ce1ec8d
lowtemp_seed_1003::003::hum_processing::dense_global_mixed	low_temperature_seed_variance	lowtemp_seed_1003	sentinel_canonical_order	3	hum_processing	dense_global_mixed	sample_low_temperature	True	1003	0.2	0.95	50	16cb0be8a5a06243ef62676cb13fe873f645c8102352a4039bd831eac026275f
lowtemp_seed_1003::004::hum_processing::token_count_matched_ascii_noise	low_temperature_seed_variance	lowtemp_seed_1003	sentinel_canonical_order	4	hum_processing	token_count_matched_ascii_noise	sample_low_temperature	True	1003	0.2	0.95	50	ab8600754f39b2b15de61cf444bdf0360ded8d0266b44b25e0a3acdbab8e055a
lowtemp_seed_1003::005::hum_processing::visual_ascii_control	low_temperature_seed_variance	lowtemp_seed_1003	sentinel_canonical_order	5	hum_processing	visual_ascii_control	sample_low_temperature	True	1003	0.2	0.95	50	afce4225ba2256687ea85196e7993551496a6210435513f9a3aa4446f8435074
lowtemp_seed_1003::006::hum_processing::unicode_nonletter_control	low_temperature_seed_variance	lowtemp_seed_1003	sentinel_canonical_order	6	hum_processing	unicode_nonletter_control	sample_low_temperature	True	1003	0.2	0.95	50	1c81834640c45ae135a31cc55b9d4f2b483bd7dbe5e17ca702b96f72049020ef
lowtemp_seed_1003::007::strange_loop::ascii_baseline	low_temperature_seed_variance	lowtemp_seed_1003	sentinel_canonical_order	7	strange_loop	ascii_baseline	sample_low_temperature	True	1003	0.2	0.95	50	382eeed635bd10767e988dfbb46a9de39b26c3695e106ff30f40e6e13178cb34
lowtemp_seed_1003::008::strange_loop::dcedilla_high_impact	low_temperature_seed_variance	lowtemp_seed_1003	sentinel_canonical_order	8	strange_loop	dcedilla_high_impact	sample_low_temperature	True	1003	0.2	0.95	50	91cce88f4307a66f058f16ad66798b7175123477e2c2ee65056a61161b8b08af
lowtemp_seed_1003::009::strange_loop::dense_global_mixed	low_temperature_seed_variance	lowtemp_seed_1003	sentinel_canonical_order	9	strange_loop	dense_global_mixed	sample_low_temperature	True	1003	0.2	0.95	50	1cf6c1837cf7ebec1bd7bd1d98da082098e399c6c5d7b779bf06a2f448b8ab90
lowtemp_seed_1003::010::strange_loop::token_count_matched_ascii_noise	low_temperature_seed_variance	lowtemp_seed_1003	sentinel_canonical_order	10	strange_loop	token_count_matched_ascii_noise	sample_low_temperature	True	1003	0.2	0.95	50	6cf305692a642ca488e42545e668bcf5cb720dd9c5f709036a884bda65171091
lowtemp_seed_1003::011::strange_loop::visual_ascii_control	low_temperature_seed_variance	lowtemp_seed_1003	sentinel_canonical_order	11	strange_loop	visual_ascii_control	sample_low_temperature	True	1003	0.2	0.95	50	cfed7e189b986e89b94421f26487610a00631f5516705c7916b22bf8cb75ee4a
lowtemp_seed_1003::012::strange_loop::unicode_nonletter_control	low_temperature_seed_variance	lowtemp_seed_1003	sentinel_canonical_order	12	strange_loop	unicode_nonletter_control	sample_low_temperature	True	1003	0.2	0.95	50	c1d3e6a915dcc53e93c104784fb2b0fc80ff53286450ff410ec5e06e52fef355
lowtemp_seed_1003::013::recipe_neutral::ascii_baseline	low_temperature_seed_variance	lowtemp_seed_1003	sentinel_canonical_order	13	recipe_neutral	ascii_baseline	sample_low_temperature	True	1003	0.2	0.95	50	dab361c291379df835a6d55f2c6de4b4ee96c132505ec8bfbabc475bf25de65b
lowtemp_seed_1003::014::recipe_neutral::dcedilla_high_impact	low_temperature_seed_variance	lowtemp_seed_1003	sentinel_canonical_order	14	recipe_neutral	dcedilla_high_impact	sample_low_temperature	True	1003	0.2	0.95	50	4e6d14e2e73378ab0c2b9495527e70213bd8b9ae85d8ed68df78dc1a47bb311f
lowtemp_seed_1003::015::recipe_neutral::dense_global_mixed	low_temperature_seed_variance	lowtemp_seed_1003	sentinel_canonical_order	15	recipe_neutral	dense_global_mixed	sample_low_temperature	True	1003	0.2	0.95	50	4ca33e1f475f670370970d349f5086b848ca2febce0264206a80c620f674ba31
lowtemp_seed_1003::016::recipe_neutral::token_count_matched_ascii_noise	low_temperature_seed_variance	lowtemp_seed_1003	sentinel_canonical_order	16	recipe_neutral	token_count_matched_ascii_noise	sample_low_temperature	True	1003	0.2	0.95	50	5879fba6aa1598c135da398c1e5380cab71230d98a9645bbe917f292c8c4c9cd
lowtemp_seed_1003::017::recipe_neutral::visual_ascii_control	low_temperature_seed_variance	lowtemp_seed_1003	sentinel_canonical_order	17	recipe_neutral	visual_ascii_control	sample_low_temperature	True	1003	0.2	0.95	50	c85777fbd6c4c663c89c42087bf10e3758f68bc0af81415e04b733e6b25544d0
lowtemp_seed_1003::018::recipe_neutral::unicode_nonletter_control	low_temperature_seed_variance	lowtemp_seed_1003	sentinel_canonical_order	18	recipe_neutral	unicode_nonletter_control	sample_low_temperature	True	1003	0.2	0.95	50	fb105f7e858a4c84b197711b933eda8bb23e5ab8ce2c9d01cbd53398d044717f
lowtemp_seed_1003::019::recipe_metaphysics::ascii_baseline	low_temperature_seed_variance	lowtemp_seed_1003	sentinel_canonical_order	19	recipe_metaphysics	ascii_baseline	sample_low_temperature	True	1003	0.2	0.95	50	02cfe108a0dead0abc35ea90810974178343e4c43799a5dcd78ffb35ea7c3aa8
lowtemp_seed_1003::020::recipe_metaphysics::dcedilla_high_impact	low_temperature_seed_variance	lowtemp_seed_1003	sentinel_canonical_order	20	recipe_metaphysics	dcedilla_high_impact	sample_low_temperature	True	1003	0.2	0.95	50	cc61c804b4b52bb50a0216ddf5962f55ba631550ca9f94fa10d4030d72aac21d
lowtemp_seed_1003::021::recipe_metaphysics::dense_global_mixed	low_temperature_seed_variance	lowtemp_seed_1003	sentinel_canonical_order	21	recipe_metaphysics	dense_global_mixed	sample_low_temperature	True	1003	0.2	0.95	50	0c22753d78ee6e4e23d6931aa2ca9f3d6f86974f07c161729b62eff5a14bf3c3
lowtemp_seed_1003::022::recipe_metaphysics::token_count_matched_ascii_noise	low_temperature_seed_variance	lowtemp_seed_1003	sentinel_canonical_order	22	recipe_metaphysics	token_count_matched_ascii_noise	sample_low_temperature	True	1003	0.2	0.95	50	8ac9d36559fcacdc3c6c9049ec7394bf3fae205f3c7ddc1329d17f0131413af7
lowtemp_seed_1003::023::recipe_metaphysics::visual_ascii_control	low_temperature_seed_variance	lowtemp_seed_1003	sentinel_canonical_order	23	recipe_metaphysics	visual_ascii_control	sample_low_temperature	True	1003	0.2	0.95	50	64e12f9e2c606640897d22e1060f7112cb00f6ee6135d3932b2fdb455f0085e8
lowtemp_seed_1003::024::recipe_metaphysics::unicode_nonletter_control	low_temperature_seed_variance	lowtemp_seed_1003	sentinel_canonical_order	24	recipe_metaphysics	unicode_nonletter_control	sample_low_temperature	True	1003	0.2	0.95	50	336a71b9d0dcfa02ee0453674b51f19c62d60a7dd95afff31a93ce702fddac27
